{"version":3,"hash":{"type":"Buffer","data":"7LiDhhoKSxBCgMLAhdJjKP3U6hdD2mCmuukI4d7AI1dsTM7X0bVMOKo6WaXs2U/Y03aM/3uhoKAaPtpw5nNk+XCZOQIM5aONk/R4zPTNcLuinMsulkPrFJaaObNaG3SD4Tl/mYlzAYlsGH4+QKunmciPnP2PplQMEUpZbg++bIA="},"indexValueMap":{"/ACFrF4c3wDuZSFNiVwPIZo0ShkYzRTC1J4OraxtDAQ=":{"valueMac":{"type":"Buffer","data":"y6/CSnmyWZm3Bg7K7qEEEyfUd0WIFl1nf9MgmetNWxQ="}},"VUU9n6t8vB5vKe4yhpCgaKfpctmB3lSZVwqDCp0Y+Qw=":{"valueMac":{"type":"Buffer","data":"7i58LiSzkHZTuda4fiBFWm0jcjQAQjg39ADUiLUEab0="}},"aeWow12Tucy3jgIgmwM+1JF3sWFqonOtzm4+cf8g8Ws=":{"valueMac":{"type":"Buffer","data":"0trCR8y6sBxYmdoT6erVOJ/v6vFVHRomEV32W1/WRCQ="}},"KpQXyWG5tQsly7/il5K5Fd+G3roQznx7Pc4rxZ5nuj4=":{"valueMac":{"type":"Buffer","data":"CHfs/UL6E7/ee+YDWtX97yG/F/Tj17U6nr9QDM3k6lE="}},"jKTjyqUw1QNf3ildBjIYvcAb3nu2V8WS1TE5Z5S06JQ=":{"valueMac":{"type":"Buffer","data":"/UE232udWZqVq7kn1lbxnfg7gi56+zxP0bEw+CmWhrI="}},"3v2Je3irbj8jA4m+ZO24Z4T8bnlPQ2w18ovhVzZUZtM=":{"valueMac":{"type":"Buffer","data":"dGN82wtDaR5PCTy5o0zXpiUuECE/mPyZJdeFNr+QQCc="}},"MHRY76hr7+zGr5H5jpktsRQssGa8PadxioRnubt9AWE=":{"valueMac":{"type":"Buffer","data":"xVOVfcrqQs7eqHWlgNL5e22ar+rS7NA13HDCtNOV9qA="}},"lkXYWYUcoAex7zNV2q33pLijAaHTsB5bQDpARegB1sY=":{"valueMac":{"type":"Buffer","data":"Ryzb9/R9ApCrT72n8z2n6JRkBU4OWBnfPL2FpDp7H/E="}},"O5rfDA1Tumb5kVt3tuDgXV8NdVRHn1wSAdx/TX3IVko=":{"valueMac":{"type":"Buffer","data":"kGvAcXDohaE8X2gD6HYTec/4DoOOQcjREheICCCtI2M="}},"z8V6GNe46xGgKO6KMA1QzuosAjxbh34/29LdN5r7H4c=":{"valueMac":{"type":"Buffer","data":"l1QL9PuxCawVnWxlQuKGXsL1wMjyRGErteymu6L36t8="}},"8CpPMveTurNQr9Z658TX10/Gl/xsAWuz5O3qXP66xe0=":{"valueMac":{"type":"Buffer","data":"4sHtRaAaethXfFU78nI2BJh5nOQhgfYwtfXZ2HEs0uM="}},"5706/lMCAojnSSnWMiPeDWBHtaIw8eekYDf2Rg48uJI=":{"valueMac":{"type":"Buffer","data":"mopc2Zfn4V+wtglb5oyfDs0wO2ZTfaQlwjBtyNPB0vE="}},"SC4AAXTfjLMuWrEHnxMwtGo2Jtbbn6m2Y/IsLt0rj+0=":{"valueMac":{"type":"Buffer","data":"vsE3+JwnYdg+WecG7uszM9D42LM48AJ+K17Bl6htMjQ="}},"P9axvi3Rw7ZtLCWLsZo/Eib92KZf8C3f4/ipfiTJf8A=":{"valueMac":{"type":"Buffer","data":"VfoxO8BJkjOxwxP9P2Uzge9hSW+sJC3xi+Eg4t3Kz3k="}},"Npw5KhhroPbOcmxdsTGVhvNZd3QpDAGWdOlG956FSy8=":{"valueMac":{"type":"Buffer","data":"b53/xgGowraVQ1tRbWG+/fNFtGlMNbd5XVe5YnDbfuE="}}}}