{"noiseKey":{"private":{"type":"Buffer","data":"EF2HwEOzctdDq63jJQOt1NAeVn0T6XLO7SL/nuAeIkI="},"public":{"type":"Buffer","data":"7G+DSsAGguN7OJTsFD+VE7YlxkSzJ0BDYoGEVVuF638="}},"pairingEphemeralKeyPair":{"private":{"type":"Buffer","data":"KMnVy7uU/9eBsqzgRaAOrEr6/3H9weVhF+/SWJ9+Kl4="},"public":{"type":"Buffer","data":"k9Xqqf+ovJzfwCC1sr4823nPKIXofWKkedk3XfZKOiM="}},"signedIdentityKey":{"private":{"type":"Buffer","data":"yEg0Dc64CkOGLoSDO3vcn5w/gibVpsLyciBgCN44yFc="},"public":{"type":"Buffer","data":"fWU+vtnkGhjTmSIW0bIVqs5H9Zl2+cCtolPbqcWqaEw="}},"signedPreKey":{"keyPair":{"private":{"type":"Buffer","data":"ICQr3QZHOcmeKnW4cEh7d9Y2Op+oKcNIfroSytHeVGc="},"public":{"type":"Buffer","data":"aVEyRofoxDYDAcrGuU8dolHCJB3DPnNG8xKiZlbOln4="}},"signature":{"type":"Buffer","data":"Z+bpjP4LnzBA2GxB2qSNe0G/5EtolezutFtzLX8N7GT578MAfQr8ittMvzCojVZWj2iyGC2gvbKgOBb4pn0igg=="},"keyId":1},"registrationId":56,"advSecretKey":"R03ai/p6wNsLxkfyHjpPobFdSYn9nmt3Z0FG+ulnscI=","processedHistoryMessages":[],"nextPreKeyId":31,"firstUnuploadedPreKeyId":31,"accountSyncCounter":0,"accountSettings":{"unarchiveChats":false},"registered":false,"account":{"details":"CNfT6rcCEOr4tccGGAEgACgA","accountSignatureKey":"APQzPf6TmDBRkHCedml8DIbNHSvr/LxYOF5Yuo1mKQM=","accountSignature":"4YSboUGyOoTwupfCoCd/GoFFWkDoz6ISkbhKxr/psRgsuqpOAKjxtkikWMSn9Dphw73tpOjY4SKXd80dXgtsAA==","deviceSignature":"7s3FNlBvPAQZe7mry6fYkVrVzWZOITeYAOdiNEGPGsuOWJZ6yfxsz4tnXC8mJJ9NproBU7OPh/Y9XSud33M0iQ=="},"me":{"id":"6283842463427:2@s.whatsapp.net","name":"Idzhar Alamsyah","lid":"141730229792963:2@lid"},"signalIdentities":[{"identifier":{"name":"6283842463427:2@s.whatsapp.net","deviceId":0},"identifierKey":{"type":"Buffer","data":"BQD0Mz3+k5gwUZBwnnZpfAyGzR0r6/y8WDheWLqNZikD"}}],"platform":"smba","routingInfo":{"type":"Buffer","data":"CAgIBQ=="},"lastAccountSyncTimestamp":1760394363,"lastPropHash":"1K4hH4","myAppStateKeyId":"AAAAACaR"}