{"_sessions":{"BdL8bioPTjDOGXQaUytPImSW0GKZsaaBG6O55X/a9AUA":{"registrationId":294239471,"currentRatchet":{"ephemeralKeyPair":{"pubKey":"BZbGqxrcqF9C+TF3ijtwti2KZ7iEyRNR8+pgjwstLlBQ","privKey":"GBR3+bb3/cev+5y37TxC9bPt7PhbSLjr6QQ203JCnko="},"lastRemoteEphemeralKey":"BYrzGH+Bp5YxkKo4WuEbRVoG8IgNGmLoBOTqZgH7jYF9","previousCounter":0,"rootKey":"ReWEQHxXCydrqQe014fAsA5b5OdGblQ0UM2XJ5G2Iuo="},"indexInfo":{"baseKey":"BdL8bioPTjDOGXQaUytPImSW0GKZsaaBG6O55X/a9AUA","baseKeyType":2,"closed":-1,"used":1760394364084,"created":1760394364084,"remoteIdentityKey":"BQD0Mz3+k5gwUZBwnnZpfAyGzR0r6/y8WDheWLqNZikD"},"_chains":{"BYrzGH+Bp5YxkKo4WuEbRVoG8IgNGmLoBOTqZgH7jYF9":{"chainKey":{"counter":5,"key":"GS4v5Bie+femmRWYtcSRuhOeWaQhuI/OlyX0FKb6Zhw="},"chainType":2,"messageKeys":{}},"BZbGqxrcqF9C+TF3ijtwti2KZ7iEyRNR8+pgjwstLlBQ":{"chainKey":{"counter":-1,"key":"r1xlMEFmQDzRPebcT3/sexkK6uibPBHFjpdyyThBCV8="},"chainType":1,"messageKeys":{}}}}},"version":"v1"}