{"version":13,"hash":{"type":"Buffer","data":"PA+KwBSawj/DiUCOSiLdSZ2pInAqbH+b9je5fiFiBuVhhoeNjjJ98SQCuLdbrxGean8jtwGVKP2jdvFOx8v8GGzL7ODQPh2xxRfYeSOQ8SjowlzLa/Gi0izXYfWLHZSuBdPmMltZiuWkgL14Onv/Jvth0e5UdOLCfSQkLonhfxY="},"indexValueMap":{"h73n5eS1MBV69IS+LYNlrqUeZwA2aKKMIDbdSenxWNg=":{"valueMac":{"type":"Buffer","data":"ikqnCrDB91FYu7cNxEXLQ+WgSqQx/GsfdoMo2YCGWmw="}},"XEfmwRUa3H9qAOZmSLq/ySI7zcT38mOWgo9rkkjDfek=":{"valueMac":{"type":"Buffer","data":"YNmyhuMZ4+FKpZC6SdfL9zF6vbFMjKyqIvUrtU5qobY="}},"7wwr7gMbIIGWhMuxmY3/GU6qJ3+gtB0snrrTlKn/H2I=":{"valueMac":{"type":"Buffer","data":"kQkOH9Cd1Y7llmPo2rEto1KKzaLYLylY9QpTBNYQ1l0="}},"CGz7O5h/vGJDMuL3wwPu3mrjNvuXo8todGzpd7rmlHE=":{"valueMac":{"type":"Buffer","data":"uAuDJErRH53p7Bu5/cBIlrJyERCC6xsUWY6HUmrLEJE="}},"reimalFm2aYJtK+0eEpAQ2DWPibofbQvQFiiA2uaobM=":{"valueMac":{"type":"Buffer","data":"4cJ0FtuBIF2kknCPqQJMu/pyxcm9yC5fLXBLb08cqYs="}}}}