{"version":3,"hash":{"type":"Buffer","data":"hz6gojP3NbbInajD3Bb+N7mcZNlVuD+ro0yCSeZDUT+Jbsj2yotbTnGJVVO3eK9TXByOdIC+Des2O4yWV2In5ddIghjhCuCy9w6cMUxGPzY/5J5NXO2ar2xAaGzL9fh7E5SnVYovW/Kp5SBTfDwDTx0C8tLXfFrPUBX2Sf5sx8s="},"indexValueMap":{"ALfkgEOSGW0VHfnBgPby6nd5mHg2CcF+8ifoHOyNoxo=":{"valueMac":{"type":"Buffer","data":"Z9BuvAXYzkPBu3vrofVu8bXYFOLlJoIoaJ0rBYLMPCo="}},"B7llBfWaZGPwNFy8DI6B1r//SYWbR3tWuiyyZqlFddo=":{"valueMac":{"type":"Buffer","data":"u9LwPlgj1I4T4Dly3GL2CT9KJmklrVcx7fuBdZAC7m0="}},"CBf09T6Hr6bOBy41KAm2m5KEhYHi1evvh6gBrVwybRo=":{"valueMac":{"type":"Buffer","data":"9qV5/eQyZeJAoViCBhXe55kA/tbWRehqfC6DAal2WTQ="}},"DaF3CPOit2/WNDz1818kKcIy+Je26Y1TwDij/cNgm5E=":{"valueMac":{"type":"Buffer","data":"hzYLb8C29VVqr/oX06t8ZVeXpdIROzoOESg0Oblt2d8="}},"Fno7z9ACE7rcj6SRV67h3NYtN/DS5q8N7WnsHJuYxAA=":{"valueMac":{"type":"Buffer","data":"dYhMvT3GrU3VgmE7HXq8ldGp2ZngMrLk7kz5CGFKxjY="}},"GVtw4namq0DmCelbxEXoW71o2n3r5Dps7QY0ET2Tv28=":{"valueMac":{"type":"Buffer","data":"bCKOzjOVH46bOML+yeK0c99/pJKAYIaFb6PhNmRR8Gc="}},"G4WAMqzswUjXeR1K2+d3LLnCPnStGm05WH33W0mMfFo=":{"valueMac":{"type":"Buffer","data":"q+kAqoE2uulwGVijcFTB7KU2k/ZhacuIO0MxHW7gOe0="}},"HMT/Ui45KQ+0xo13lTgrvJHvNcozdE43vdDeoquvzIY=":{"valueMac":{"type":"Buffer","data":"e374r7ViUDIff7tgIphcdHW/T9RGtq27YHmS/odmkQ8="}},"JmRRGeQYdnKBTmyQneRlaip7+bs8ZJH+2WuE4vU0hdc=":{"valueMac":{"type":"Buffer","data":"kXAA9bL/Eq6alxQo1wMLULiHG4AVRDVyn2YZ/erMWIk="}},"JyLmCqIIthVWw/U/dQ3mZpS11tCcDhT5Q7CzPmGkD4Q=":{"valueMac":{"type":"Buffer","data":"vIrAy14OoiP9g8nwfi6W8jt9sNtiTn8ZLV3Quns9vJ8="}},"MuSD33wqBSp6g+fFo8/SdRMYrTheXnJxucEZiv7jh4g=":{"valueMac":{"type":"Buffer","data":"2E67nZzlDruWI0kyUPQ9YkgponpPNf8ptfGWSDk2Mdg="}},"N9JIZ9v4JkWyvkB7C8E7vhXI+4rv4Fk26jTrJJeWID8=":{"valueMac":{"type":"Buffer","data":"ltIRaMKpasLDHqZfVAH83PwiFmtgERCZG/dnJmmohk0="}},"Pc19PyrgXLjR3CljHCkuIH0L8uuSxbdYpcK+YEW1ryQ=":{"valueMac":{"type":"Buffer","data":"kWWIl5fJVns69NOk/EfoEo9F6uOKPMY60xqjgGsJBM8="}},"RNE4Fod54AkZKBk7SrvcnvhYzrpDgHbrxU7jSz7aslk=":{"valueMac":{"type":"Buffer","data":"YGmmP7+Rvpa/0NRHA0erpfmsJb52byxtWzUhjd6upIk="}},"TeO86tARRIM3oAK+z1Fp6o45JMb6EvHOG2+0JVlTzLQ=":{"valueMac":{"type":"Buffer","data":"X4qr2VAH/KVnKL3/ee64G88DtGk/wkbR+NPEICMea6E="}},"TfUsX0MLGtcsNPW9jRlGOgK+vM/hWSWCURMM74rtrcs=":{"valueMac":{"type":"Buffer","data":"rhW/ZvtqtIO6XMTbM+DE/PtaMOY7qmeO9RtFRW3HHM8="}},"T+qGTk+GfHvYElmgcvmVRdRfOko5ZiTerh2VAwAKvgI=":{"valueMac":{"type":"Buffer","data":"xRQWWcCVdCvswb54+zwOY9qnrpqrHj493qUdS8hDHWM="}},"XineLhoYLweXuZsFWs1J4dxJytdzxVZY7qPs47IXQ2s=":{"valueMac":{"type":"Buffer","data":"8GFcGx0QngO0/9Ky9azoFapjqUkDdZal570uEjQS6lw="}},"ZqfozP0knqtv+JXCirWN7NqUoa7Dad4kd2zun2UtxNM=":{"valueMac":{"type":"Buffer","data":"aiYNGeqzMvbx60H/SHGv03ZfpB64PEBGZl/1qef9E/w="}},"anbijNUmLtDQwjnco3T7t6J+SlUboXee5YuI1P0+zt0=":{"valueMac":{"type":"Buffer","data":"uULfuaZGFJj9dMNDOo6s7ZgqSZzoqMWBGKKfw7F02t0="}},"bRSSJn6zz67kER/mGPGUongCi3mPmQP2A3CLl2YWdvI=":{"valueMac":{"type":"Buffer","data":"cLGsR/tnvNjLc6wVvbnfbNNvc0aJijQSmfRx4JixqOY="}},"dQRCqSTwXBirNKJaH0GNvx/VMpCQGiO42S0lo09dT1M=":{"valueMac":{"type":"Buffer","data":"MSBpMlNYT1jnkxV7XKUvK0DazmOP+twaFId0ngN73oY="}},"g4bC1TZEAqDCY6kp7yH/Kkunjp8eFPh6pSE3OVZDzIU=":{"valueMac":{"type":"Buffer","data":"YX4lQJ4ik+Ja8Z0MQT9vcCI1DF+QDlLgs2jV2hNevYI="}},"lNMdxX+UaWkvvhk339OFZwkoFqg0wMPNvRafonUUu50=":{"valueMac":{"type":"Buffer","data":"wSD+kN2gzZUMAIzc3Ny1bwbz2AQD/1YvwpRfjyfuIgA="}},"l9pA8gOEeNGr9doy5syH1P+PzP0g4c9ulWEXfG8P+KM=":{"valueMac":{"type":"Buffer","data":"ezo1rRoF1KO/1UTtMD5SnVN2KqkmWtNbW1S05YrTpyc="}},"mEGAXF3TaDzEfCaWL3FWCnLyfomLlz0hbiNbhnlfS84=":{"valueMac":{"type":"Buffer","data":"Zs8gSSZefUYI7mZMX+PcdmhCRDqkb8IKlVtrgCPsAhI="}},"onNDpvux7lGJ2t3uPtVG9UFd3+Ar+vwaJZ1ulUZlNJA=":{"valueMac":{"type":"Buffer","data":"Fex9yWpnaXb+Wpq2Wk/cWxDgbTvYI1sujNHkT8OXbh4="}},"q+E3l0Kd8qzxIkHVnt6RLhDyt1vfGdBUddgLjD/TfXk=":{"valueMac":{"type":"Buffer","data":"NJArw0GpqXTwT+fdsawD3O0z7B97JAKMjZDZkuQyFbA="}},"rnodss2GpMtRfretOG6I+Ag+FjoY4okP3anRqe9sfho=":{"valueMac":{"type":"Buffer","data":"UHn3XvsjL67v+fu2dDS0NOpYhlcpaWyY39mWbSzXvfo="}},"s4JGGbxmPFQTDU91R1i5hFgwkY3sivumGsDchLi8XxQ=":{"valueMac":{"type":"Buffer","data":"Z9RTPn2aKEplmQR+qQqU0sz1UQcm+2EIInGTxYoHJdo="}},"ur/CItxGGqkqwf4+lNv38BzcTQ/MYvf0NpYxGGkhf9E=":{"valueMac":{"type":"Buffer","data":"BU743xEE0I8cpLPWnxuX6DCPZtlFv7ODJsokr5ODUbo="}},"xNHPp7w5Drifg3Bj1s3TIUXCudzLX15PZkUhS/32ggQ=":{"valueMac":{"type":"Buffer","data":"kKZfNb9IMRW7va+PUwC+QCxJ4uwGKVBqmLgv5T4jWts="}},"xgGV/wLmg1DkoN3BEHdozzBFLnML6OgGlxixU94u08Q=":{"valueMac":{"type":"Buffer","data":"dWa3H8BXRhVtkofzXzAoCZdMmhrX0nB2scL4Tdi2aFI="}},"yyW9353ihIEyt7asiLsU76puKTvrXjIp4tWyDuHVojY=":{"valueMac":{"type":"Buffer","data":"aZoAc/Cij7V21cV20hF2Gg+pey7ra8wm46llOT2BYog="}},"3mFrgb3n1CX5YOy+K+dr16Ohu4D6ggoRhoW1ga64suw=":{"valueMac":{"type":"Buffer","data":"i/+cpluL7gh3Lpkan1JXSZJOPbVxSBfZC65blTZ16To="}},"6tiqPSCr45VUAi4IywFz+FBrIzlU4SVwywkMON7IB4s=":{"valueMac":{"type":"Buffer","data":"wi4++AMyokkr7AByJx42snn+1TACX4rcWRE2qsae3vs="}},"7fjaF0c18U9bUHEdk9JWnw+vQ2Gn0uLHSPbHRiCLej8=":{"valueMac":{"type":"Buffer","data":"yfUp5yfhIzQpovmUjL9v5GHcWckPRDYAvri8cHHGAFg="}},"8wTa2zAh+Bt4HLK29znLUbAtq0uBNnZRTSDwzn67CSM=":{"valueMac":{"type":"Buffer","data":"Apueb5YP54TQpLnI504hWO0lDOXKMk1CLiily9cT4lU="}},"9Yv98lD7cl9MLobVhrjZ9fCs9AmEJvgyS0epEsLBkMo=":{"valueMac":{"type":"Buffer","data":"bKkRmUcwJ8Db8S7frx7VT8xpWGxmritlbYwxngdAAHs="}},"90z4aKbYUtSjxZDFtzXk58r1ASgeWMRqL6NVuYl87Fg=":{"valueMac":{"type":"Buffer","data":"ZFD38F7ZavB8QGg4YrUGA30QS2SlaXe7/gBu9ppwPH0="}},"/WMGkOH4CLenmLFwldMIwibNGiZXEP2OIuaDvpO+UUA=":{"valueMac":{"type":"Buffer","data":"OVAmaWZpyLR7q5SZCcbPa3xXMLbzAVpu05aciUegRpA="}},"/jG+m9HYlk4YVqXErvpBxDPSHrW/KxOZv2+xzNARfIs=":{"valueMac":{"type":"Buffer","data":"JaOx+/Uvb7J1dpsyR0AmycDmFTDLkh5vn3tVdUqvz8I="}}}}