{"version":2,"hash":{"type":"Buffer","data":"cS6nw3Y645+zrhyZGh4Un4p7oFhp10sJfeLM2CvX1Nvjb0H0JhMufMBkz8TvGBj0f+gEL92Z50DCkY2tjfNhaFG5o52ZZ2fLFMCnGnBwEjtICgeHYWC02IkdGCE/1BIe528C/JRuBGflXL0enhzfpGMUNwjMhrIof0aAs+E/D6o="},"indexValueMap":{"k0DR0LDVATJr9ybiYIpWHzdcnI6mcN/8vey5Z64WA1I=":{"valueMac":{"type":"Buffer","data":"ngpLn90e15r1yruD6OpwHWw9H7cmIRtQqTFWZI/eHKg="}},"pm4PMlayEG8C2ILMaYCu+O4XqQYI4lch1QWj8+LK7OU=":{"valueMac":{"type":"Buffer","data":"7rJDYEGsbkRqI2tAja0tEtlOFEe8UNYf0yUx0huCQr4="}},"2Y34kpbLNHxXUc3TnNpI/X0hUuQxjzCXiIP5eWrwfcQ=":{"valueMac":{"type":"Buffer","data":"8YDKp8rk2TVvb9a+A/Lg8TIe7siB2KW8jCGFWwYq0K8="}},"UUEtAbSHkJlaiF81U4IpnFA7VOxU+XKf0gIRzME0KOM=":{"valueMac":{"type":"Buffer","data":"+YmMkbrBz+1/8Yb0jtpP7j6U9dVHe1CDD+4+FVOqkMQ="}},"y9zxPi5LIn8+Z46zuUNJ7/WP4U3NxE+W2r9m4sTW9k0=":{"valueMac":{"type":"Buffer","data":"twxVRmUETI5nnD8zbu1hY4yCxENQqj7AjOFs855uTNQ="}},"yOYhPX4J8KMlYjiLsKwz2z5bl43K+g8g8RVUEZZUSYs=":{"valueMac":{"type":"Buffer","data":"oCM3dgiGoympqF9hyVLwie6z7392IIJL+3Vsy27gE8s="}}}}