{"noiseKey":{"private":{"type":"Buffer","data":"UDCjuPiHT+yoEVO0YnFkabB8OqLm/grBuz5YVLObJVk="},"public":{"type":"Buffer","data":"9z83YXyIldryDce6+O4p4kPBM+eGRYuYyBQXp5dCORw="}},"pairingEphemeralKeyPair":{"private":{"type":"Buffer","data":"cN8DoMJU3uMxi9hEwxiblo68RNFOylcihN3PUyg1vWQ="},"public":{"type":"Buffer","data":"L5ElESeG2FyR0xfUiCQOxJmBnDgECjyWOKThXaHQvkc="}},"signedIdentityKey":{"private":{"type":"Buffer","data":"+JLlmiO8e7Wo8Qh94Ii+/EpuCOTDg5xfj++MudBdp2s="},"public":{"type":"Buffer","data":"OuF51LCOpl3JsRShUd+Vu4zgBiezMvipb+qAOlVVTXM="}},"signedPreKey":{"keyPair":{"private":{"type":"Buffer","data":"cLzfO3IXb+Q1TnKSQh/6QMNfUbDGHt8f6ZOmbbofpFc="},"public":{"type":"Buffer","data":"OYtthj1O4v6wMAxj2ndf7Fl04tNcPU+0wcswqzi9MxM="}},"signature":{"type":"Buffer","data":"bq/KMcyhx3RA/61Tx4PVA4NIPd254DSySsKb340kWj/DyH2wo19grltAZHOzXO46R4RvHAE7K+KEWgUctp0dAA=="},"keyId":1},"registrationId":47,"advSecretKey":"tzDCcZ+BFMB958wCdLQqBblNQkyweMXwNgl+dkIYQ7g=","processedHistoryMessages":[],"nextPreKeyId":31,"firstUnuploadedPreKeyId":31,"accountSyncCounter":0,"accountSettings":{"unarchiveChats":false},"registered":false,"account":{"details":"CNv8tfEFEOnus8cGGAEgACgA","accountSignatureKey":"W53Cf5B1EpMruRjc4U1A/bbNFS7p9sZiw1MRHG/k3DM=","accountSignature":"g9VT0QiSIkei6RqSlNDxN9oM4heE0BZZ1d6FAY68ctAY5Ir7bDbwARbRmkbo2alLo1BdUq55d/1nXfGR3fOECA==","deviceSignature":"bA+B/RZtfJRO1HB0/8OYNiziUB3kck626elOXdh44t3cWCQrnHmJMSoSdB4v6odeZHOowhIbNcQhgqO63cENCw=="},"me":{"id":"6282121286563:2@s.whatsapp.net","name":"Idzhar alamsyah","lid":"64747286302819:2@lid"},"signalIdentities":[{"identifier":{"name":"6282121286563:2@s.whatsapp.net","deviceId":0},"identifierKey":{"type":"Buffer","data":"BVudwn+QdRKTK7kY3OFNQP22zRUu6fbGYsNTERxv5Nwz"}}],"platform":"smba","routingInfo":{"type":"Buffer","data":"CAgIAg=="},"lastAccountSyncTimestamp":1760360352,"lastPropHash":"1K4hH4","myAppStateKeyId":"AAAAAHvp"}