{"_sessions":{"BTqZfobYSWFmuRvQX2Lx40Grq+eVnA2o6imEYSUJLVop":{"registrationId":56,"currentRatchet":{"ephemeralKeyPair":{"pubKey":"Bb1En+OFQedljy5wJb72AHd5olkEWN+WtpjmFfO0QkAt","privKey":"AG33qxFUUjjisfePayFl/z4s2f4je65g49/TpI/5YFE="},"lastRemoteEphemeralKey":"Bceinw9a0R9HLUrNlwhFbYkFaWLI+vrX+at8YSoKzyEN","previousCounter":0,"rootKey":"I16x9dbfe1h3QTlFxnWEmxufB2T5ojVmCQnkxhUs9Tg="},"indexInfo":{"baseKey":"BTqZfobYSWFmuRvQX2Lx40Grq+eVnA2o6imEYSUJLVop","baseKeyType":1,"closed":-1,"used":1760395209336,"created":1760394905381,"remoteIdentityKey":"BX1lPr7Z5BoY05kiFtGyFarOR/WZdvnAraJT26nFqmhM"},"_chains":{"BW1jj50z4qsmIXmRges0S3gqkcPmK+m7JDQiwu7kgylw":{"chainKey":{"counter":0},"chainType":2,"messageKeys":{}},"BfMXoJt/OhE1212eDC66t91LPPEotcl35i5R+atEQNx2":{"chainKey":{"counter":0},"chainType":2,"messageKeys":{}},"Bb7jz8FpWGKxkhzqKSv9ee2DMXD4mgUQcfAfXxVD5fok":{"chainKey":{"counter":0},"chainType":2,"messageKeys":{}},"BZW2fVTHsOkSxfIw5ouTFErOr4Eih4ERN8QYDAn8UCNP":{"chainKey":{"counter":0},"chainType":2,"messageKeys":{}},"BW6s4G3QUocU2MBLY2JV6xY3xp3u0bM5Q9P6wQGT3PoI":{"chainKey":{"counter":0},"chainType":2,"messageKeys":{}},"BYVvcIQrH84uMPfBdVaDgRpiY2w0+HAxeegT9k5rqyVt":{"chainKey":{"counter":0},"chainType":2,"messageKeys":{}},"BXkC7BSZVweYxqnCD3TDXwtoXpvBkzW0T6rXV3vPF3Yx":{"chainKey":{"counter":0},"chainType":2,"messageKeys":{}},"BSwa44k7HTQoQJGAwluWEfsso3Kr3Q9yerC7DozZSBZb":{"chainKey":{"counter":0},"chainType":2,"messageKeys":{}},"BVibfbyS7Dt/6uYOko/jBaXiVzM8rIwB42wGr5c0xfNN":{"chainKey":{"counter":0},"chainType":2,"messageKeys":{}},"BW1PPv1gW4fh0q7+nJgR7xHI8CRWp16Ht5aK3AcfUmVM":{"chainKey":{"counter":0},"chainType":2,"messageKeys":{}},"Bdh96HjaTXkFU2FvGyjwGPLrmmk/RLgmaKG5xFi5nApB":{"chainKey":{"counter":0},"chainType":2,"messageKeys":{}},"BalsfTfOVhYO6Y1Rw6+CNKMUXdFLrOHAaod/Hl2PH2sl":{"chainKey":{"counter":0},"chainType":2,"messageKeys":{}},"BXa47rfzfciRu6TaKByDg69wy5bAre6RJhazAgbc3xxK":{"chainKey":{"counter":0},"chainType":2,"messageKeys":{}},"BTbppwemfNY7sGNt9etWKbpEbL+7facja+TyRXVMErh+":{"chainKey":{"counter":0},"chainType":2,"messageKeys":{}},"Bf5219af5C8yT5v/NiPUCO6meitzlMEqzLpqsnf/87U/":{"chainKey":{"counter":0},"chainType":2,"messageKeys":{}},"BbEDbzvJieMJNFdb48E2a/LCU8A821DXaQAIjV6CDvoC":{"chainKey":{"counter":0},"chainType":2,"messageKeys":{}},"BUgtSwr6IvwDzTlQV9GIOhm1SG9Po5c4yLhtB/mT7KEm":{"chainKey":{"counter":0},"chainType":2,"messageKeys":{}},"BfZzzcw5SxB4qecZEH88YyfuFCH5T2Fl+2E2Kt+qwVoU":{"chainKey":{"counter":0},"chainType":2,"messageKeys":{}},"Bd3eRD52WWiduF+tWs0zmqwD1NMgOMaiyVXmbKoITOEd":{"chainKey":{"counter":0},"chainType":2,"messageKeys":{}},"BaqHo6KrCaQDEV7dVJAT+vlXn617TB53Z04fOFaQTZgF":{"chainKey":{"counter":0},"chainType":2,"messageKeys":{}},"BVF9clh9yrDywaoCzhkkboGFPW9I+ndfJodxq9+MuDsg":{"chainKey":{"counter":0},"chainType":2,"messageKeys":{}},"BTZozBw5IzBip5ZHs5y8l8nG2sabQPHzqdRCwrthf/E1":{"chainKey":{"counter":0},"chainType":2,"messageKeys":{}},"BRusVQ6Ni77ICx5xoCwxdCYd0TgNgz6DkPhg218dfwpa":{"chainKey":{"counter":0},"chainType":2,"messageKeys":{}},"BZN/wHhNaibopW6OxLAxT1qLcMKJomhor+7p/bPDw8lM":{"chainKey":{"counter":0},"chainType":2,"messageKeys":{}},"BUrl6mMOuln92gRhiwuDwu33+Ls0eXom1efJKwErWrV0":{"chainKey":{"counter":0},"chainType":2,"messageKeys":{}},"BTLegm0eiqAFPyBgmHdPceJkYObEmFREgFUOAfF14DlZ":{"chainKey":{"counter":0},"chainType":2,"messageKeys":{}},"BeNcYweUDqLmH5ovYE3dtzzW4ZMNDDHA872yAFUEliJQ":{"chainKey":{"counter":0},"chainType":2,"messageKeys":{}},"BSFoUVUvq7TTjoRdKJkfxj9hun7ALFFa+W916LVy/J0i":{"chainKey":{"counter":0},"chainType":2,"messageKeys":{}},"BbF5uS5W7q2eo14BGQe/iIJ7RxH2cx69bBU71PbYkNNw":{"chainKey":{"counter":0},"chainType":2,"messageKeys":{}},"BaUX83g+2i6WbHU3SwghN7nw5QrSd9j7J4O6PnmVOVtS":{"chainKey":{"counter":0},"chainType":2,"messageKeys":{}},"BY/sOR0/yBvRU0twwrzkU5oWodqjYRk6DW+wDUvSmsJV":{"chainKey":{"counter":0},"chainType":2,"messageKeys":{}},"BZ7E4SMJUAXpEDUoh53VaQ6FiK+hNXcVgoUiPSV60zoU":{"chainKey":{"counter":0},"chainType":2,"messageKeys":{}},"BZFCZhJ+lUruLniWOe0F28eOwMo7puMmFmnidAiJUGFz":{"chainKey":{"counter":0},"chainType":2,"messageKeys":{}},"Bc7D23Od66MZ0dW/NPPqhqIyTnBs7mHH7A4Am+yPAI1G":{"chainKey":{"counter":0},"chainType":2,"messageKeys":{}},"BSpRilai5Q75k2228x4jDXm9/TsY7ux6htadGzjUlvIk":{"chainKey":{"counter":0},"chainType":2,"messageKeys":{}},"BWUeMl/5kpCc985MLaO1aXn+YBAf+Rjy81ZSCIVeNroQ":{"chainKey":{"counter":0},"chainType":2,"messageKeys":{}},"BfBrsMk15qbsxw4FC9U1z8PBwfn5YVbNVY4Va1xFWyM5":{"chainKey":{"counter":0},"chainType":2,"messageKeys":{}},"BWDikyXPw4pypmMk8wsqBpPLyVbdT3SHBuSRF7UbrQos":{"chainKey":{"counter":0},"chainType":2,"messageKeys":{}},"BV8qK0wcinOmpeDbbnXf4v433jt2o/1xLH8h/gYh7PE1":{"chainKey":{"counter":0},"chainType":2,"messageKeys":{}},"Bd041Z1KYS3Nox9dpZmDuOdP/ixaF4YkgG+tH7l9Mk0V":{"chainKey":{"counter":0},"chainType":2,"messageKeys":{}},"BVi9I8ho9QRlYnuiT36niwVWBT0maxDzYMRfUhywBWkX":{"chainKey":{"counter":0},"chainType":2,"messageKeys":{}},"BV8M66auycnBItPqXv74MuupepbiR9X7jAAnQbBif39B":{"chainKey":{"counter":0},"chainType":2,"messageKeys":{}},"BdvTfFKYZIYHdic1obrbRW9uZB4iH5VqZCjNR+kzn2JS":{"chainKey":{"counter":0},"chainType":2,"messageKeys":{}},"BXlIyw3+GBAq5w2E8lOm5axU4/c17MMpKJ4kv4PzCyVy":{"chainKey":{"counter":0},"chainType":2,"messageKeys":{}},"BQj3iSIf2bQgyOfsIUxVfYsBsDuqPSa1LyT1ta/7ohsj":{"chainKey":{"counter":0},"chainType":2,"messageKeys":{}},"BTa4WtE5MfQGC1UQm9PGzuq4RBra2pxzGeEg9YA5dSBW":{"chainKey":{"counter":0},"chainType":2,"messageKeys":{}},"BVPHdfrpY6kkpgWzBKDBIFJ35sm1Lm+ST0qd9u4iWIxZ":{"chainKey":{"counter":0},"chainType":2,"messageKeys":{}},"BRapeKl8whysQVn/qHFAlXcLYlZzVG0YVDIBXxNiIRko":{"chainKey":{"counter":0},"chainType":2,"messageKeys":{}},"Bfl8WuMEcuFQ0rNdPfudZabYCfoO7sTBMSjkyA7fSB1B":{"chainKey":{"counter":0},"chainType":2,"messageKeys":{}},"Bc65QR04ImgPkndJc71PoH4G2R4twkwbHRblCS2YBpwW":{"chainKey":{"counter":0},"chainType":2,"messageKeys":{}},"Be5gwwV7XoLMaqf48nO5WY9hEXhihUL+kHKGh5CQt6kV":{"chainKey":{"counter":0},"chainType":2,"messageKeys":{}},"BWfkOmUvegZpEKtuNfcByv5Sr3NSPltPEg6rzU3LOP8r":{"chainKey":{"counter":0},"chainType":2,"messageKeys":{}},"Bceinw9a0R9HLUrNlwhFbYkFaWLI+vrX+at8YSoKzyEN":{"chainKey":{"counter":0,"key":"C6uILAXKcV8UbrhuQvC35z/+1xRM3nWa1jjga8/FW4s="},"chainType":2,"messageKeys":{}},"Bb1En+OFQedljy5wJb72AHd5olkEWN+WtpjmFfO0QkAt":{"chainKey":{"counter":-1,"key":"3IUKPTCpcXmsvRa+z7dxtkQ9NiLnc1j0aPgJsScYVbs="},"chainType":1,"messageKeys":{}}}}},"version":"v1"}