{"_sessions":{"BWdCAKAm/UeR5Xrw3TqxL6MJoAfhOkxVp6DVKBfahHJt":{"registrationId":1122314768,"currentRatchet":{"ephemeralKeyPair":{"pubKey":"BROKBc2dZsJsNzWO627fl9dHRR+BiyBye4fLOeRxWFcX","privKey":"gFRsoTdWbGVaFnrfIYt5xD/tZ8vnC8juUVjno+Kc8kg="},"lastRemoteEphemeralKey":"BZGsLBp3A/3KiRcqDsf6T2RGB6XzdstVSr8HbfhT2SRt","previousCounter":0,"rootKey":"fZe3EHTpSiHYUQAaPJkTG6q4YtnZN21uo7wl3bnQGzM="},"indexInfo":{"baseKey":"BWdCAKAm/UeR5Xrw3TqxL6MJoAfhOkxVp6DVKBfahHJt","baseKeyType":1,"closed":-1,"used":1760360637695,"created":1760360637695,"remoteIdentityKey":"BbqplbKy8uII6zyn6vUFnWitXqXebLCQYgwEAlSSK45r"},"_chains":{"BROKBc2dZsJsNzWO627fl9dHRR+BiyBye4fLOeRxWFcX":{"chainKey":{"counter":307,"key":"qPlVFvXmVnargr17eyeGHkP5CEIghTckNc1HQ15pr2g="},"chainType":1,"messageKeys":{}}},"pendingPreKey":{"signedKeyId":1,"baseKey":"BWdCAKAm/UeR5Xrw3TqxL6MJoAfhOkxVp6DVKBfahHJt","preKeyId":15545656}}},"version":"v1"}