{"_sessions":{"BYZW8lzCjzJmeZ+rPTZ36b10XvvBFL+nPzCS6XrpYK0r":{"registrationId":294239471,"currentRatchet":{"ephemeralKeyPair":{"pubKey":"BdxadBoZtTS0vpVaUBFkc2/RE2o9ZmJ1QfJejPpu7fMz","privKey":"EMc+yfk5JP37W99rVZ4ZwadaRkR0tigaTcHr5YxE4nM="},"lastRemoteEphemeralKey":"BRoBsc9z0jVX5fv8J+HWB8QTNe2pdRT/UitmGvcgoPtz","previousCounter":52,"rootKey":"Z7GUJZgDA888ApDEy8otGfuk0o+tRrm3moQBZNtGoGQ="},"indexInfo":{"baseKey":"BYZW8lzCjzJmeZ+rPTZ36b10XvvBFL+nPzCS6XrpYK0r","baseKeyType":1,"closed":-1,"used":1760396205843,"created":1760394905391,"remoteIdentityKey":"BQD0Mz3+k5gwUZBwnnZpfAyGzR0r6/y8WDheWLqNZikD"},"_chains":{"BRoBsc9z0jVX5fv8J+HWB8QTNe2pdRT/UitmGvcgoPtz":{"chainKey":{"counter":0,"key":"XoQHMIgq+al8WuIoPehLSnJc3UTP/dTmZbjZUYBWsXY="},"chainType":2,"messageKeys":{}},"BdxadBoZtTS0vpVaUBFkc2/RE2o9ZmJ1QfJejPpu7fMz":{"chainKey":{"counter":-1,"key":"z57RETJ0aiAqey2nRPzJDlMNRgf2J0Dfl/aeXbttsV4="},"chainType":1,"messageKeys":{}}}}},"version":"v1"}