{"_sessions":{"BbbIN+Bu3xLQ8b7m6TcZmuNdHwN5otNXj5DWn6XeltEl":{"registrationId":1981458197,"currentRatchet":{"ephemeralKeyPair":{"pubKey":"BZSRIFnH9cBL4snQgLAP92GE3QmSdquE84W+9WbmdSB8","privKey":"IDgI9HCYzAATn3givyeNPiJobnrGTW3Xslurl/GLQmc="},"lastRemoteEphemeralKey":"BdNsVYdxh4s20AaPatZ26O7mLTah4Aql5slgvtDo9rI/","previousCounter":111,"rootKey":"o42+ATPa/6eQZWIhrqzS32Uc83caqyGbTqxOd0E6ykg="},"indexInfo":{"baseKey":"BbbIN+Bu3xLQ8b7m6TcZmuNdHwN5otNXj5DWn6XeltEl","baseKeyType":1,"closed":-1,"used":1760367751525,"created":1760360637625,"remoteIdentityKey":"BbCU+mA+VQ3YUD1Mka6OFDjww8ASFuZAO3AOTWoenvlt"},"_chains":{"BfXZRMsI1ckUihnepJuvfet/ke4Su+jFfRlGmIXb4TJg":{"chainKey":{"counter":1},"chainType":2,"messageKeys":{}},"BZ+KFhSVpQvmR6zlggDMSU3TalmFfZIHI9y26BWoLLZ7":{"chainKey":{"counter":0},"chainType":2,"messageKeys":{}},"Bbw3NCSYNPgMppKUr25iK6V0wYv6UDbZyn8Q+Ec/AHoe":{"chainKey":{"counter":0},"chainType":2,"messageKeys":{}},"Beh4GmUzOTkokx07yYcG+XUbRrM1eeD9b0QddSCQF7w7":{"chainKey":{"counter":1},"chainType":2,"messageKeys":{}},"BdNsVYdxh4s20AaPatZ26O7mLTah4Aql5slgvtDo9rI/":{"chainKey":{"counter":0,"key":"XBvHBRgUR/WuCmIC5rIUKgRydRzRsuiYfhDBOoYhxJk="},"chainType":2,"messageKeys":{}},"BZSRIFnH9cBL4snQgLAP92GE3QmSdquE84W+9WbmdSB8":{"chainKey":{"counter":107,"key":"6/kPT64rDUGCa/ueuMa5YR7T3lO+dz+EJ0cTGEIRkGQ="},"chainType":1,"messageKeys":{}}}}},"version":"v1"}