{"_sessions":{"BSzLDVAuZfQfZ4tyoCjYjO8uG5bg6B/JvMYnVhgGMFQG":{"registrationId":1907079139,"currentRatchet":{"ephemeralKeyPair":{"pubKey":"BTGQZIq6eCQ1JbjAA0HROvAyHPLnRC6WtslJxf8qPx1Y","privKey":"2HiOOzhTqQyQqAbWdwa3FBCMt1Tyn8Y8RS13AgPS20c="},"lastRemoteEphemeralKey":"BXTqpn6odyYg/KJRqYzF7eN9I2scGAUtJ4fA6BysDp91","previousCounter":52,"rootKey":"udYFrPieJ0FwYz9vTBduKpiUYikhweL0XjC0ENTV+ik="},"indexInfo":{"baseKey":"BSzLDVAuZfQfZ4tyoCjYjO8uG5bg6B/JvMYnVhgGMFQG","baseKeyType":2,"closed":-1,"used":1760396205788,"created":1760360319689,"remoteIdentityKey":"BVudwn+QdRKTK7kY3OFNQP22zRUu6fbGYsNTERxv5Nwz"},"_chains":{"Bf9UNROQHx5vIl6SrpMEWOSD+KBIpP1KiATh+8vyJe9L":{"chainKey":{"counter":6},"chainType":2,"messageKeys":{}},"BcjpEeFYk3EEFDNhczuTDn6B/bBXp3/Xq/BzJeuaZnEP":{"chainKey":{"counter":1},"chainType":2,"messageKeys":{}},"BXaBNERvnAPlpB50Di5iEHxGZC2DUCyeDksVwKyld5cv":{"chainKey":{"counter":0},"chainType":2,"messageKeys":{}},"BWoF1PDzr912Xm9+BKHsOW1Idl1KIbTqvW09HJ6eZ2gK":{"chainKey":{"counter":0},"chainType":2,"messageKeys":{}},"BfSJdIMKkFl1Dzmk2RYvc+lAyUDMqX8LPyFZ3n94kVFF":{"chainKey":{"counter":0},"chainType":2,"messageKeys":{}},"BflUSIgxYY4G9+h3YACQcPnbQWmY8g5x1xEjAXyBDsAf":{"chainKey":{"counter":0},"chainType":2,"messageKeys":{}},"BWdtgvyMG8ZT2wx10ZA+G/3HOAXxpfkBCLF0wSMD0Z0o":{"chainKey":{"counter":0},"chainType":2,"messageKeys":{}},"BX4t9mZ7/kQwtF3vvtt2ZdjKnu4LsNQvPVQ0HD6ZSPIC":{"chainKey":{"counter":0},"chainType":2,"messageKeys":{}},"BXTqpn6odyYg/KJRqYzF7eN9I2scGAUtJ4fA6BysDp91":{"chainKey":{"counter":0,"key":"d7kVPQpfegEcsrnyWwFo8jn+AfQJcwo/+YhZHILq6Ok="},"chainType":2,"messageKeys":{}},"BTGQZIq6eCQ1JbjAA0HROvAyHPLnRC6WtslJxf8qPx1Y":{"chainKey":{"counter":1,"key":"LwzvJUYH9C3YGu1yPUYELkGzbVQLtv2KujVCvfDK+lY="},"chainType":1,"messageKeys":{}}}}},"version":"v1"}