{"_sessions":{"BbKQHIW/JllrhzuOzL8TCjxT4fo4K/+4VrW1K8Pv2/gv":{"registrationId":141,"currentRatchet":{"ephemeralKeyPair":{"pubKey":"BYMG7rLF1bz0sUSh6UpjWvxOuueN9nvXOWWIi88zNVF0","privKey":"wIZi5rW72J3BoCsVYvHrrW5Y5F4BM6SSZKg9dXPGxH4="},"lastRemoteEphemeralKey":"BRtnXq1EMkbEI0hyWwzlgyRBx38/gnKsedLDGFGY7kI1","previousCounter":0,"rootKey":"yDoFrBeaq3k800gr/0C7fKjsX2jXSfStafZO/eETrLc="},"indexInfo":{"baseKey":"BbKQHIW/JllrhzuOzL8TCjxT4fo4K/+4VrW1K8Pv2/gv","baseKeyType":1,"closed":-1,"used":1760396212842,"created":1760396210976,"remoteIdentityKey":"Bf6AwYLhOI/q5YrL6xL0Ba7o2ez7pCkoJ9Lk1JSiie1i"},"_chains":{"BRtnXq1EMkbEI0hyWwzlgyRBx38/gnKsedLDGFGY7kI1":{"chainKey":{"counter":0,"key":"nA6KWKyCOsxaxmviLUOnkVq7Js5S5FPr/XbzINffE68="},"chainType":2,"messageKeys":{}},"BYMG7rLF1bz0sUSh6UpjWvxOuueN9nvXOWWIi88zNVF0":{"chainKey":{"counter":0,"key":"Mp+QdA7pxf9SQosEMZIyVRnYIjCh9Kgsa/ZKO2E+yGU="},"chainType":1,"messageKeys":{}}}}},"version":"v1"}