{"_sessions":{"BRGNV7RxQtAIdps8GSonC07yDD8Wc0fZqnUYafxfqGBT":{"registrationId":127,"currentRatchet":{"ephemeralKeyPair":{"pubKey":"BfOxulqsI6zWoFPcmNRsvNE4IigKZRT4L2pFPyMh0z0X","privKey":"qLwFWyBIppVklOOHSH/l7rxJ5ufVXKY9ZeJkonKXX2M="},"lastRemoteEphemeralKey":"BRUWbt0WCM5K4NQyQ/c522/nVm3138dqiAKzccNYcL89","previousCounter":0,"rootKey":"qromIqwuKSk7KEhbRr1TL6BkTODziWQJgsktIQlKADY="},"indexInfo":{"baseKey":"BRGNV7RxQtAIdps8GSonC07yDD8Wc0fZqnUYafxfqGBT","baseKeyType":1,"closed":-1,"used":1760393105561,"created":1760360637667,"remoteIdentityKey":"BdCorgjQgFOTtnFcOBSWlKsWYf/Yqj2jFC4K8wjKDVVc"},"_chains":{"BVEwkci227ejTHNAP+jb4goTNE+AjoAvg88KJC/t2NtF":{"chainKey":{"counter":2},"chainType":2,"messageKeys":{}},"BbpWDm6Gozq6nKy/vLbqDzpgpwM39+S1kwX4wwEpH5hw":{"chainKey":{"counter":0},"chainType":2,"messageKeys":{}},"BXFimdMuvi44Gap0bFluv4Ug7ykiAUZ6AN3H0WlBfdMh":{"chainKey":{"counter":0},"chainType":2,"messageKeys":{}},"BQoCrHan6csKVLaLM8cXFbMb2EmNfjKwk2nIx9pNz21g":{"chainKey":{"counter":0},"chainType":2,"messageKeys":{}},"Bf0tEHbAltwlga48DPFBU9JA9yMaFvwbXZkF4XPd34kf":{"chainKey":{"counter":0},"chainType":2,"messageKeys":{}},"Bfx82EDid1nehWTj2wypcWwu8An8LtASxY6jDVbyJNsb":{"chainKey":{"counter":0},"chainType":2,"messageKeys":{}},"BVwh7OMJjDRxV+BbYm7SwzQfQ2/7jlT/lGfKI/aKnwcV":{"chainKey":{"counter":0},"chainType":2,"messageKeys":{}},"BQWa+5yZTa/y2yiiJDSFTVH2Co5VsRJP5UNNcCjCecFg":{"chainKey":{"counter":0},"chainType":2,"messageKeys":{}},"Bd2mCJOFC7RNdkH8MEswsQFqfWE6kjhHDT5eI5EA6clH":{"chainKey":{"counter":0},"chainType":2,"messageKeys":{}},"BcX6cR5Na0i36UKLqMlTChY8JPR1kNPdIH3m30mwO/Bo":{"chainKey":{"counter":0},"chainType":2,"messageKeys":{}},"Bei4tqYvEw3gg4qf1v2cpGAolRHvHAHkLHWK+m5tkn4g":{"chainKey":{"counter":0},"chainType":2,"messageKeys":{}},"Bd26Wh/HGMhwZdQbJP7Dl0gqQUti0RoOjWiTW+7sTTQb":{"chainKey":{"counter":0},"chainType":2,"messageKeys":{}},"BWe24TS5h9f6FQYX+UUrNgw6aiZZ3+ax6sIW+81Dk7AP":{"chainKey":{"counter":0},"chainType":2,"messageKeys":{}},"BW/U0N3hB10SxIiyk1yTFRhXovPMTroIrlkllwWVCRgc":{"chainKey":{"counter":1},"chainType":2,"messageKeys":{}},"Bbugf+n2LtKcCbiY8ASmRm1fDPRkXGAT/d00yrKktqNW":{"chainKey":{"counter":1},"chainType":2,"messageKeys":{}},"BeeXql67aPzzuJzB8sJrX8hlu+CF8AnwFrFLNx9uQcF0":{"chainKey":{"counter":1},"chainType":2,"messageKeys":{}},"BQfqRCe+NIKYtlrtzFr5o6FZUu/EhrOH6KuYT6T/VIU2":{"chainKey":{"counter":1},"chainType":2,"messageKeys":{}},"BdftXJmpQPpIriErjEfzx8V+VWRvuNeBiY+bcx6D+1dK":{"chainKey":{"counter":1},"chainType":2,"messageKeys":{}},"BdDJ7WyzHmNyntEVzvCrb5p5NfpVb9IJ+XtfP4/SKV8F":{"chainKey":{"counter":1},"chainType":2,"messageKeys":{}},"BbCC5O6yrPoMs4oL5xbYaGKPl3ko+9cYQNiy97RDApgh":{"chainKey":{"counter":1},"chainType":2,"messageKeys":{}},"BXAFP07YlHLb2wqOGdLo9Wl4ABbRDs0Fwue3QE41WaxQ":{"chainKey":{"counter":1},"chainType":2,"messageKeys":{}},"BZuINTYDr0kqHpAtDRnLx/NoXFaQAPZfGWrDase0E5Zf":{"chainKey":{"counter":0},"chainType":2,"messageKeys":{}},"BUzlW4XIb97n04A3unup6ehzZfGOuW3NLu5Gre0EtSZz":{"chainKey":{"counter":0},"chainType":2,"messageKeys":{}},"BTq0p0rtmnc0bDVwfsf4GXBxm62Nli6m6tkWclMhVKpF":{"chainKey":{"counter":0},"chainType":2,"messageKeys":{}},"BTnKX7lv4tbK6hnVpWlGAGUHElX1b5pv64pUbh82Q7Z0":{"chainKey":{"counter":0},"chainType":2,"messageKeys":{}},"BTXcwrO/lGXK9UGJlC9ctvMx4+l0rOtjHVUy22wMrI9s":{"chainKey":{"counter":0},"chainType":2,"messageKeys":{}},"BfTYxLesSBbmDA/A0BsJQQgpnf+1Kh2ZgBheyey0k5QX":{"chainKey":{"counter":0},"chainType":2,"messageKeys":{}},"BaquSc5sjRPcryrCMzDfABqVCSzoT6IepcgQWUYWMHN9":{"chainKey":{"counter":0},"chainType":2,"messageKeys":{}},"BXv06ZkjEuhBYr/PtYz1GuKq6ZmlXKWys1PBjdp0wwsN":{"chainKey":{"counter":0},"chainType":2,"messageKeys":{}},"Bc9iDbdx8LbyB4LdMACB/8qcu3IYHbECWZ4s95cFfE00":{"chainKey":{"counter":0},"chainType":2,"messageKeys":{}},"BTs+j26Jy5ddHR7s7cWh2Bb2LxJgHBIOy6+z9IqntGkz":{"chainKey":{"counter":0},"chainType":2,"messageKeys":{}},"BbQKL5et6/4TEGwSBXIqGaFdYaurJ5ey6Y8XZd5xYUNv":{"chainKey":{"counter":0},"chainType":2,"messageKeys":{}},"BX0O6AyKuWPK5bdOhPlDEJBtibVmVMA1pALzSBC9Rcgs":{"chainKey":{"counter":0},"chainType":2,"messageKeys":{}},"Bc8sswOQxLTaqMyyhsfs4OjhPCjn6vjG2Z06A+SGkXsB":{"chainKey":{"counter":0},"chainType":2,"messageKeys":{}},"Bdgl+WuCfSj0hJtKa0BWVBvR6VdHvs3pahu7ONeSsGQN":{"chainKey":{"counter":0},"chainType":2,"messageKeys":{}},"Bb/bRk4mM8pH6D1rsVGQvkslZA6kDfASI6AvVdsN6bVv":{"chainKey":{"counter":0},"chainType":2,"messageKeys":{}},"Be60Evoix5jWOUmr+4qAYYKrgy4jLPmOd1/UmD1bDxs9":{"chainKey":{"counter":0},"chainType":2,"messageKeys":{}},"BZxBimk+k7vy1Q1V/ghYWBTWoZGauVpGK3no6tH1ULgH":{"chainKey":{"counter":0},"chainType":2,"messageKeys":{}},"BSGI4qZst6PGI0toRUF0eJgHTWC2P3sr3rvHs5CL5pAw":{"chainKey":{"counter":0},"chainType":2,"messageKeys":{}},"BRBaSLx3tSgBSSNjr3/SIEbPxhz8Eg66Lsr1Lgiw1Fs+":{"chainKey":{"counter":0},"chainType":2,"messageKeys":{}},"BTnWg6LdjYJw42RwaDlvX/GJ+7e2mBHnX3g6M4zA2TlN":{"chainKey":{"counter":0},"chainType":2,"messageKeys":{}},"Bfant2SoLrmQEYDowh849QAw/zWms+z+b3lKsZ9+n6Za":{"chainKey":{"counter":0},"chainType":2,"messageKeys":{}},"BWQ7svaTik1CyRMZY+HzisHLX6bH7JxvaadH7OyYsYth":{"chainKey":{"counter":0},"chainType":2,"messageKeys":{}},"BeBSz+TPtYHqzZS2pA8PXaU4d9SJuvkFTCMioC+r4fxl":{"chainKey":{"counter":0},"chainType":2,"messageKeys":{}},"BUjT6r3Im1tH97bTzCMk3n+XVP+Xk1xmLYg0ZKlsuyFy":{"chainKey":{"counter":0},"chainType":2,"messageKeys":{}},"BeY7NS43ENq0w2JcjrWxf25d1mFM0hEZKVD5uUdK59EJ":{"chainKey":{"counter":0},"chainType":2,"messageKeys":{}},"BVmf9RgbDSGpf7D+Wc0jMUK/1yBlhmrREPZ+05xOZbNl":{"chainKey":{"counter":0},"chainType":2,"messageKeys":{}},"BYNlccEvo+D/8MdvJbx5UajmS1GB8NLE9d3gi4HDhfAb":{"chainKey":{"counter":0},"chainType":2,"messageKeys":{}},"BR1I/ohV6j1jmFmLNKb08ODygPYP7CdMOe5kvWMDF4cp":{"chainKey":{"counter":0},"chainType":2,"messageKeys":{}},"BT1XEI3YFOc0z4nR0BVWW0gYkoCmST5Gm6Ph6WExwdRC":{"chainKey":{"counter":0},"chainType":2,"messageKeys":{}},"BSTAwyGKC+X6lKNesk2n9wuVZ5Hi3E5pi0/IlMhv6cMK":{"chainKey":{"counter":0},"chainType":2,"messageKeys":{}},"BeAOsJ7JVhqoEfWNzXuGBUlAZig3y13frLEcBnFAGkEJ":{"chainKey":{"counter":0},"chainType":2,"messageKeys":{}},"BUgu4z7u3rH3I7LFipZ7g2IR2o69rl8MzoiN1IE06VpB":{"chainKey":{"counter":0},"chainType":2,"messageKeys":{}},"BXK7RE43uzuv7d1AXjWdMrK81t/sW4vAyzM1X+p+f38N":{"chainKey":{"counter":0},"chainType":2,"messageKeys":{}},"BbhSABUj8+hZlNyMWD4xGL+iSWbFkCbpIImamnj8arEH":{"chainKey":{"counter":0},"chainType":2,"messageKeys":{}},"BQHILds6CjV28Zux6U3wZrN1BSb2zUDm4CBIwhHBz9MZ":{"chainKey":{"counter":0},"chainType":2,"messageKeys":{}},"BReddwyO8v4s1se+rBFIZxPCVVVeVRlOTGY9OG122+Vz":{"chainKey":{"counter":0},"chainType":2,"messageKeys":{}},"BWTRcwlsy+Gxe3c61vEAZZn0aU8dapNA0zV5sU8RNpEw":{"chainKey":{"counter":0},"chainType":2,"messageKeys":{}},"BdpJnqX5MWxwLDzV1MBfyHZS9+Bf0nrpdv3z8gSo7r5D":{"chainKey":{"counter":0},"chainType":2,"messageKeys":{}},"BYv+f9deXYuyIWU72ezHKUZyqWtB5068YSEi3SAfzIcF":{"chainKey":{"counter":0},"chainType":2,"messageKeys":{}},"BZlU+rulRCpfqWe3s36eAGXcvWrnmfPVyw/EJfXU2r5O":{"chainKey":{"counter":0},"chainType":2,"messageKeys":{}},"BaJ2yB7HkNZvF+BG1Btfy+/Ka1BAVXyCpbNXN6wpSQob":{"chainKey":{"counter":0},"chainType":2,"messageKeys":{}},"BY+Qi0bHk15DZLiwS7xc8xCr1K47LhaNmYRtA3Hk6L4d":{"chainKey":{"counter":0},"chainType":2,"messageKeys":{}},"BQztKUO+IXZjjDL8QuKtD+WVbWSuokGVLC/AStXo45sz":{"chainKey":{"counter":0},"chainType":2,"messageKeys":{}},"BaMLa5tR3dd9uTlFvTK+ctiAaxWsimZxa47dVCDPFBY7":{"chainKey":{"counter":0},"chainType":2,"messageKeys":{}},"BQ2tu8kUj1cKn5UBUmH8UnB4ekBE2CVv2w0pBa8Bp8Fv":{"chainKey":{"counter":0},"chainType":2,"messageKeys":{}},"BRZWKw/TMl03hlFTyTpRX3U8EgepqneXAJvQ6XpXL6Ed":{"chainKey":{"counter":0},"chainType":2,"messageKeys":{}},"BdqiGdnYplJEhrWUusTbG6WJvyrbOzrPiy7AEzIfTs86":{"chainKey":{"counter":0},"chainType":2,"messageKeys":{}},"BeVeNmtDV9o4xslD6jazGK4JSZb8EAVKEWyZ4RXjR35Y":{"chainKey":{"counter":0},"chainType":2,"messageKeys":{}},"BQH5Zhz9QWMF9zkpf+/u3OB9PYKC+Ho1NkPDAbEThhBp":{"chainKey":{"counter":0},"chainType":2,"messageKeys":{}},"BcK4Zg4IJWzzsgaVmBuGfEh5uPXU66oRME8M92ItnNk0":{"chainKey":{"counter":1},"chainType":2,"messageKeys":{}},"BXIvzl5zIEl6QdWzzC9cibJZmJFcUmfOkhKv6PW60SIe":{"chainKey":{"counter":0},"chainType":2,"messageKeys":{}},"Bf/lHTEZ3Gx7fTXc143yD/Qkq0fXx3CEKoK3xrTNBakE":{"chainKey":{"counter":0},"chainType":2,"messageKeys":{}},"BW7335/zhznqtyuSzl0Jxj4koDcUhH+eULffUjv7RTAf":{"chainKey":{"counter":0},"chainType":2,"messageKeys":{}},"BbbYednbXmI3p2XntxzpURRFYBEs5WrRp7NWRdkCRAcP":{"chainKey":{"counter":0},"chainType":2,"messageKeys":{}},"BfJLvvKF1NzZypenqWckO1y5y9WSC+pp875fzwyQR2B/":{"chainKey":{"counter":0},"chainType":2,"messageKeys":{}},"Bbkk1xYEIUr1Wesl5CyG/33N4LdRLKqlLrzbWReEnOhw":{"chainKey":{"counter":1},"chainType":2,"messageKeys":{}},"BbOKB4sAp7nFPtVWFt8fZrfjatASOhP2zf7fdQu3ow87":{"chainKey":{"counter":0},"chainType":2,"messageKeys":{}},"BbXSme9Q2cJCtq6agkp1EHR4frtUfo+tVv1ohlBZuAV1":{"chainKey":{"counter":1},"chainType":2,"messageKeys":{}},"BbCsKk4+QWT1wvBC692nALqX6HlgGEVExPM68icflEYf":{"chainKey":{"counter":0},"chainType":2,"messageKeys":{}},"BRY2bRx1tlN4AAMvZ8QBRHr+jwUDCcQTc5WGCMM9ro0h":{"chainKey":{"counter":0},"chainType":2,"messageKeys":{}},"BXAzzy3yRp+yHE081c+TWBMDhwsRh5rDpd8ycMr3qH03":{"chainKey":{"counter":0},"chainType":2,"messageKeys":{}},"BdaCAS6iWk25zXo9iN0SoBQ1OWpQtzbaIS9u/hNIPNNL":{"chainKey":{"counter":0},"chainType":2,"messageKeys":{}},"BeNCYIo9fpVQsiQ1vvkM4/hiXqyXpRjBml92vKADQwEX":{"chainKey":{"counter":1},"chainType":2,"messageKeys":{}},"BT3A3t0ZAMrpGJK6gPi3U+wKfT19DaMs0EcrOxHGar8R":{"chainKey":{"counter":0},"chainType":2,"messageKeys":{}},"Bb4rMb1lZowEO35HYqYtQCd+6abwLryhh8EEZk8DzMVf":{"chainKey":{"counter":1},"chainType":2,"messageKeys":{}},"BZ5hovKP/DydFBxRBZwzcZ/r8BO9L1sf8OakjxIbsRpM":{"chainKey":{"counter":1},"chainType":2,"messageKeys":{}},"BRToAJr4u3EcGtoCom22MOHU4jnvh9B/5Ki2yulboOBq":{"chainKey":{"counter":1},"chainType":2,"messageKeys":{}},"BQv4wE739XMqcY9dDhxCLciK+8kUwoRaK8LZg9a1WC5q":{"chainKey":{"counter":0},"chainType":2,"messageKeys":{}},"BUgc02J80LpEzBk8IT7gKejvnhSO72oq6QgmE6x6FeVq":{"chainKey":{"counter":0},"chainType":2,"messageKeys":{}},"BbzF8lDODt7wReNwmLz76LgHHil5RiyJlDsHa643eC4b":{"chainKey":{"counter":0},"chainType":2,"messageKeys":{}},"BZDc6yKcAqABw2iHXlQfepOw3Czz2wgAokaWS6+qmLom":{"chainKey":{"counter":0},"chainType":2,"messageKeys":{}},"BRn7sMVrI2o8Z5zYB6F8esJ2nRprULQm7D92Mjf7SAoj":{"chainKey":{"counter":0},"chainType":2,"messageKeys":{}},"BbniPQ1ZpCCkED9ps90JUWbj01R4xZ6+igXjFt3cgINo":{"chainKey":{"counter":0},"chainType":2,"messageKeys":{}},"Ba5bSGHbNfYPG+2XaUN1t/d/cF6OkTszpOZY4uiA6Fdy":{"chainKey":{"counter":0},"chainType":2,"messageKeys":{}},"BSfZLtcSRAvTbce96UPodPfdCRefdYIG2UfXLHpxshoU":{"chainKey":{"counter":0},"chainType":2,"messageKeys":{}},"BTMRmEJGn1uJDuyUUGHeHyTJnZ+OnMgeLkFRMRnxvZwT":{"chainKey":{"counter":0},"chainType":2,"messageKeys":{}},"BdMkgrMXrN61PmbQXwI6ShQGNn2StLxiH6y5bJBzZpB1":{"chainKey":{"counter":0},"chainType":2,"messageKeys":{}},"BY2YzQIMHfCYzYCgxuBhHmvJhtWKDfyJq9+iiQdMTfE9":{"chainKey":{"counter":0},"chainType":2,"messageKeys":{}},"BdqJKosO43Nmt4S4NKItRr1t0VORhI2PDwwnnSF4h+w8":{"chainKey":{"counter":0},"chainType":2,"messageKeys":{}},"BZn/o1fufad9KbkZx8h+mZyEfAJ/DPx5ZwlBONtxSthj":{"chainKey":{"counter":0},"chainType":2,"messageKeys":{}},"BbCqrTpCQwGZmX6KQKYxQ2TWoXrCVvpBtDYY6KlSGJ8D":{"chainKey":{"counter":0},"chainType":2,"messageKeys":{}},"BaEIx7g3Dme4Vz8gsSvQsbEKvx7BPZYVAI/SlyejR39x":{"chainKey":{"counter":0},"chainType":2,"messageKeys":{}},"BQEEW9j1kI33MRqk7WWalksajCP8bpJh4/l/G3A6rYVz":{"chainKey":{"counter":0},"chainType":2,"messageKeys":{}},"BQvQKdrKhNhvhzhE/oUbarOhETE9NFJb937NtMbeIbFL":{"chainKey":{"counter":0},"chainType":2,"messageKeys":{}},"BW6D+tVIIJhQsNukP9CyIstXadubud85Nt6iM9Y2hg4U":{"chainKey":{"counter":0},"chainType":2,"messageKeys":{}},"Bf9xxmxUGZCA+SFj/1A7mXq6n7U0RokImQCz2OOa3i15":{"chainKey":{"counter":0},"chainType":2,"messageKeys":{}},"BVyksoQX7Pk6wurqDqg4Ds/Q6qgJY1oe/uu4A9Nqh0B/":{"chainKey":{"counter":0},"chainType":2,"messageKeys":{}},"BaywVi0jdbuMEa1mTbwIxniW7AEPHhx45kCxk+J3v+Up":{"chainKey":{"counter":0},"chainType":2,"messageKeys":{}},"BYqTvxFETHcpJ4JbOAlNUxqn1XNfdk+dGC1Yqx4XTYJ7":{"chainKey":{"counter":0},"chainType":2,"messageKeys":{}},"BZ2VnnNAG7xIDnLiCyZ3hn4h6kmJ2ukdMWSoYJw7a1gJ":{"chainKey":{"counter":0},"chainType":2,"messageKeys":{}},"BRCtvk09k1NsvwacA2QJ92rZaCoHW5SNeemUMMolG4YK":{"chainKey":{"counter":0},"chainType":2,"messageKeys":{}},"Ba4GFEsqjZNoYaPucMuUDcYngspKCf2lYJjG45UwFthX":{"chainKey":{"counter":0},"chainType":2,"messageKeys":{}},"BRPgULdj4YmUZd5qCywPS9XsEiEIla6qav7mGG2IPPtl":{"chainKey":{"counter":0},"chainType":2,"messageKeys":{}},"BY85D5NxQsJ04kYVyh1FIl8YCTbvOU10y6dsjaG2OT57":{"chainKey":{"counter":0},"chainType":2,"messageKeys":{}},"BRYzsHVSdL3cbN3Au787xxS2cxOc1V3rttYBBviR9pE1":{"chainKey":{"counter":0},"chainType":2,"messageKeys":{}},"BfteT80kMS6r5+GAsJKsrr1Xmj4oy9BShQhDHETAf3V+":{"chainKey":{"counter":0},"chainType":2,"messageKeys":{}},"BQVzqskXTXiBMSpzY8c/1k1undSqiRa5PkXJQNBwrVIs":{"chainKey":{"counter":0},"chainType":2,"messageKeys":{}},"BViFn1XZfEOUTMznpA18cO319JI2TH/jaII8axH/lwQK":{"chainKey":{"counter":0},"chainType":2,"messageKeys":{}},"BTs3aT3Ktanqj/JOByOA4JF0+wR3vj/BZJ8djHX6Ne1G":{"chainKey":{"counter":0},"chainType":2,"messageKeys":{}},"BV8N8OomDcRfF4ehv04jI/YGzoho6hRzf1zxtyREx5oX":{"chainKey":{"counter":0},"chainType":2,"messageKeys":{}},"BRMIVAwz9rqvmupH9vtNHyghGg4UYqQfCDzgeiHtmWcN":{"chainKey":{"counter":0},"chainType":2,"messageKeys":{}},"BTc/NRxvmNnoGFUg6rF+QLTaXBCYcP2v7ucHd1dyCa8A":{"chainKey":{"counter":0},"chainType":2,"messageKeys":{}},"BT2RWqtlTDNeeb2zroV+Gm7TMOQgUUoWVum5ndAovk5s":{"chainKey":{"counter":0},"chainType":2,"messageKeys":{}},"BcE7sLyfnSY+copaRoP0Jd/o+GDl8gVl40/wCin/kdZ2":{"chainKey":{"counter":0},"chainType":2,"messageKeys":{}},"BSH3OOjVzR740fwUncd/F4E1rM0Iu0PwwHBN5j+pM0Q3":{"chainKey":{"counter":0},"chainType":2,"messageKeys":{}},"BdMou3J2YB/Qd/Y7fuAkHOC6S34A2l2thdM75I7FA8w5":{"chainKey":{"counter":0},"chainType":2,"messageKeys":{}},"BbmBntvLmsEZiLZ2sw0LaNs1slgz5IqmICD5PN9wQ3kC":{"chainKey":{"counter":0},"chainType":2,"messageKeys":{}},"BUkCGZx2Ea9i1I8xGnwZCPlSo1VmXwcU2iyr1V4Sar1I":{"chainKey":{"counter":0},"chainType":2,"messageKeys":{}},"Bf+DSoVSqDzCC9CBoguJe+PokIrEuEcdR5ZLZbyalUB5":{"chainKey":{"counter":0},"chainType":2,"messageKeys":{}},"BQ5+Qqn9xOjuHCF1h8N4JzbT2D7nFGY3gseImLi9JncP":{"chainKey":{"counter":0},"chainType":2,"messageKeys":{}},"BbaS4S3diMDtDWiL/mTjb0w+VnSXZo4KLovs7Bbl58Nu":{"chainKey":{"counter":1},"chainType":2,"messageKeys":{}},"BZpvGqEAiXxdim7YlZePpKsWJfUpaDkMRJUR3ikjSg1L":{"chainKey":{"counter":1},"chainType":2,"messageKeys":{}},"BafykWDFJJ1SVbTN3bykx5xsQNK4wcRyj0GMSJ69A9cQ":{"chainKey":{"counter":0},"chainType":2,"messageKeys":{}},"BVtMaKekwiLzabr6+z7neT3yu++xYt2Ihasn/U/MNdcg":{"chainKey":{"counter":0},"chainType":2,"messageKeys":{}},"BcpzoCmT8bGuQtVgS6V7ZW69AN6jMWJrEmDp1Sw5Wlsb":{"chainKey":{"counter":0},"chainType":2,"messageKeys":{}},"BZKFdASGuPzl/XFA5RlNKE0ZPkQIFvA9SnA10yFUB/dS":{"chainKey":{"counter":0},"chainType":2,"messageKeys":{}},"Bdx1k/QtX5M5u792NviCdP1yqbBG6McnptJ4fT1o8AJM":{"chainKey":{"counter":0},"chainType":2,"messageKeys":{}},"BUXOiBSw61kAqyinxONjMKGICBgDQCfBxU6hVLmBJgQX":{"chainKey":{"counter":0},"chainType":2,"messageKeys":{}},"BeJj+MjZMMlbaYoKBA6nHIESaXMI4afXNh2e5p0CxDlO":{"chainKey":{"counter":0},"chainType":2,"messageKeys":{}},"BcTdAjq25yqHLTLmj/Z7RZAOW6iZV4+BFwj5O+ao4Rt9":{"chainKey":{"counter":0},"chainType":2,"messageKeys":{}},"BYnNUGxU4l/Q7MvRORyrmCWX8+gK849Zjfmx6wYEvXV9":{"chainKey":{"counter":0},"chainType":2,"messageKeys":{}},"BfnpZzMNFtimFt68W4P7mHDQ69EtNjfxwVEYZtWWZ4Q8":{"chainKey":{"counter":0},"chainType":2,"messageKeys":{}},"BdCCTZaaj6QrX8S+Orf58pA0Cq6aeIqN6hvx7nxbsMoD":{"chainKey":{"counter":0},"chainType":2,"messageKeys":{}},"BTOr+j6jJ5Nq3+y59Q72uenjtjpnt+VMGQD4joGR2vEE":{"chainKey":{"counter":0},"chainType":2,"messageKeys":{}},"BSI7h2DM+3w3m8jarrKBcj+X20RiOvYCtBoc8P2d1Pxo":{"chainKey":{"counter":0},"chainType":2,"messageKeys":{}},"BQkY9+lFIa99IgX6diG9In3Rk9K8fKi0fwa7MN6LAQJS":{"chainKey":{"counter":0},"chainType":2,"messageKeys":{}},"BdfyXKIGssbjhEhlureyUYmog+FImaNSMwD5kTjAHkUy":{"chainKey":{"counter":0},"chainType":2,"messageKeys":{}},"BURS5/afYstYwi3pDozoMlG58t+19q0cmyTiabAMx3xn":{"chainKey":{"counter":0},"chainType":2,"messageKeys":{}},"BbnBixgFt7cQh7b5YRG/RsA0lcGnHBFlEQ/DRxcahUUX":{"chainKey":{"counter":0},"chainType":2,"messageKeys":{}},"BRRQ1jpfn83xzYJYF/Ps8nn9ZCDAfT5QX9iKvVsrkyZ/":{"chainKey":{"counter":0},"chainType":2,"messageKeys":{}},"BX3XnlDoNW7nt1iF26uY4PTQpDrvTmhcfwuUFjkWQZY3":{"chainKey":{"counter":0},"chainType":2,"messageKeys":{}},"BfKZS8bI3qWSgp9LLLs3BmZiLQmHZQctYgFaR/i1dJFP":{"chainKey":{"counter":0},"chainType":2,"messageKeys":{}},"BZvyQURb/+vPCKWjj0yaJp3B0BZlKHAHi+9WBb4oRJMC":{"chainKey":{"counter":0},"chainType":2,"messageKeys":{}},"BZaFB97txQPog7SZzWNPTQyMPNTy4dJKcCmpUDSdfVhx":{"chainKey":{"counter":0},"chainType":2,"messageKeys":{}},"BdU3MJvLoXVlwtggyZBJ1ChQhR5tf38F5YNMDKLw7G53":{"chainKey":{"counter":0},"chainType":2,"messageKeys":{}},"BT9TPpBNDBTpQk4ntwtzdjBAlyNWy9fT+YLPiBvqEOto":{"chainKey":{"counter":0},"chainType":2,"messageKeys":{}},"BRxh5wd6h+dWj2EYT5HpNyJ8ZCaFmLidoBmLPTZIN49s":{"chainKey":{"counter":0},"chainType":2,"messageKeys":{}},"BR5d0RUoReHjh6ZnWH7D6/Jegm84IMBKf0MVft5zQFhd":{"chainKey":{"counter":0},"chainType":2,"messageKeys":{}},"BfUnpkUunagWhoUgBZaVVkGg2KsF1frGBmNaEvI3kDIe":{"chainKey":{"counter":0},"chainType":2,"messageKeys":{}},"BR48nwM+rmJbcIiE3i1MKu/D3yGP4jUmLtGPJ7DhoxQu":{"chainKey":{"counter":0},"chainType":2,"messageKeys":{}},"BcH2uIldwqdTSuiEBnDO9cIzagF6+3PqmQRLhxuP7J09":{"chainKey":{"counter":0},"chainType":2,"messageKeys":{}},"BQNisqtARHwYLpUQyMgQaXAadDCWEXmR+0y5oYJ2TyFY":{"chainKey":{"counter":0},"chainType":2,"messageKeys":{}},"BY/iD/rpfhGMX5CHeMnFHiSpHKIxEQRdTcSRP68AcvlE":{"chainKey":{"counter":0},"chainType":2,"messageKeys":{}},"Bew2A6Ly7yjmGVDdJ48eHLvkv9DJmISA+zp8A+dASZ4E":{"chainKey":{"counter":0},"chainType":2,"messageKeys":{}},"BSlyddYXYLfbK7uK/C3V/N50iwcEEN0ML1SQ4uy4Q9FJ":{"chainKey":{"counter":0},"chainType":2,"messageKeys":{}},"Bbn44zfw7IVQK1j+VbQpz8UoBMiFcWNLU6FfHIVhOYNL":{"chainKey":{"counter":0},"chainType":2,"messageKeys":{}},"BViE8q7afEN4cCrEVZEZznmNB2wWei23w+5JuICz8Qgm":{"chainKey":{"counter":0},"chainType":2,"messageKeys":{}},"BXU2ZIupKX9vyeRaDiG6uIggeZ/L8KBK2K9Gd/tfI1Ad":{"chainKey":{"counter":0},"chainType":2,"messageKeys":{}},"BVRQ8kPs3bgbMCcGuXkxTKJze+dGczqjgpfA2TkiEyYS":{"chainKey":{"counter":0},"chainType":2,"messageKeys":{}},"BaTRKIK3lEO+UgTERLVtRJwfmn7qGaDF3d3IixtQHlt8":{"chainKey":{"counter":0},"chainType":2,"messageKeys":{}},"BZAodEF+r+LYuHW6qaiN09atFsSF7vWU2PMHK5Y0F49L":{"chainKey":{"counter":0},"chainType":2,"messageKeys":{}},"BVedqJVMwXYRh2qyKE6nqQfqy2jOT6BboNvVx/qJuXN+":{"chainKey":{"counter":0},"chainType":2,"messageKeys":{}},"BeaYV1a/LfPQq5CTXr8Ul7G17bLxwD3gv8/0eJJngFxs":{"chainKey":{"counter":0},"chainType":2,"messageKeys":{}},"BUUzbaqmyCelUXzIrBLHv2hlQuu/HyeK67widYrmONpe":{"chainKey":{"counter":0},"chainType":2,"messageKeys":{}},"BYf1R/UHC2qaQ4MVgFbHX5C6bmLqO+qKA/k1W85GFZwX":{"chainKey":{"counter":0},"chainType":2,"messageKeys":{}},"BWFl5T1rOuA5BIA2sqFN2INwngq2jx9VhQh3YphK+MIb":{"chainKey":{"counter":1},"chainType":2,"messageKeys":{}},"BTNznJEkyWE05eKly6Fu68i7AFSCd/zMS91YQk3wM5gy":{"chainKey":{"counter":0},"chainType":2,"messageKeys":{}},"BYhPcoasxpYrTpM1K2k1sOQcqXAR0ad7ExBuPd2pt8Yt":{"chainKey":{"counter":0},"chainType":2,"messageKeys":{}},"BYDZL8sNaO+/DT7r2UwNtV2hNPgH/GvNPEhp5S9ScRti":{"chainKey":{"counter":0},"chainType":2,"messageKeys":{}},"BXvkba3K/JVvdFgDV40EpY7qtSnKccEACpnnaqcAn5J+":{"chainKey":{"counter":0},"chainType":2,"messageKeys":{}},"BRmIgSN7gX3fFwO/HVinENXvZsoNA/fWFCmnrNohowBT":{"chainKey":{"counter":0},"chainType":2,"messageKeys":{}},"BYND53rKw+W2O7wBLgxHyIh5k09V7lPkGxC1CS3jdmRg":{"chainKey":{"counter":0},"chainType":2,"messageKeys":{}},"BSuOpgcH00TIQ9KImvgmg1b6J98xla1vjxFcElcZ3dNh":{"chainKey":{"counter":0},"chainType":2,"messageKeys":{}},"BQIVomdGkYyoA6WPTb2UjL4E+syJUWghbpBTWJNGyEQD":{"chainKey":{"counter":0},"chainType":2,"messageKeys":{}},"BbcxnT+ye/pkjGiIrzHIunI++4oyX/+wC6c60UIq2XA/":{"chainKey":{"counter":0},"chainType":2,"messageKeys":{}},"BeQbm3tX/T3qsFiGwJKodk57nHrCcTDMXwInxz+5oHht":{"chainKey":{"counter":0},"chainType":2,"messageKeys":{}},"BWUhJ/YJJTGVDg43RiT/BFo0BiH5LNiaK3nlOuQupR5c":{"chainKey":{"counter":0},"chainType":2,"messageKeys":{}},"BfOaCipu1aZvF4hrl0fqyUMmeShus/xJwLc4sFRA48ID":{"chainKey":{"counter":0},"chainType":2,"messageKeys":{}},"BaokVSUoAZmUUoF2I0xnmqN3/u45IawUttWH/NXf/GxY":{"chainKey":{"counter":0},"chainType":2,"messageKeys":{}},"BSEbk7gHVBH0RidTCGJjaso4MV+fLzsloWUpTxjvkAJu":{"chainKey":{"counter":0},"chainType":2,"messageKeys":{}},"BZQknV4Fwco+uISnPA0erQN18XhdvtjeRHMlF6Ll9fo7":{"chainKey":{"counter":0},"chainType":2,"messageKeys":{}},"BSfWIb7q9LV+/DqI1R5es3H63Qtk3+4PPyWc3fOm4bgm":{"chainKey":{"counter":0},"chainType":2,"messageKeys":{}},"BYN7rvkrVPStgPnK0WQO9h8fxPK3trM4mPu0+S6VLakR":{"chainKey":{"counter":0},"chainType":2,"messageKeys":{}},"Ba3E+mXDI1lECn2jJM4KPlX2eB9Z3B7TaypDhTa2sNYm":{"chainKey":{"counter":0},"chainType":2,"messageKeys":{}},"BXU1mr2ld2E1z8NnP8JkRm3mUESvaCeEJDRMD0sgCNxi":{"chainKey":{"counter":0},"chainType":2,"messageKeys":{}},"BTqWI1ti/6eBY2fgapoA0u+YxYEyerMy8kOaLSWFOZE/":{"chainKey":{"counter":0},"chainType":2,"messageKeys":{}},"BXC3LIRWRL+OVd9jc93VV3mEQygH+/IgVk3Xs5l7drRe":{"chainKey":{"counter":0},"chainType":2,"messageKeys":{}},"BZj6/Gun4lGABfIfbTbQW4Xo44DNPdy/V38+39xU3BB7":{"chainKey":{"counter":0},"chainType":2,"messageKeys":{}},"BYzqOM3BefRjVs78cmVEVLkPC2Or8P624ZnyPVLow+oD":{"chainKey":{"counter":0},"chainType":2,"messageKeys":{}},"BaKtTKbQiIAshg7vXN8n9NCjlOLujRivkI+zPHAgeZ0R":{"chainKey":{"counter":0},"chainType":2,"messageKeys":{}},"BULmvQjRBhgIQ2bE4dYIKg5VjAGz9B2cqneN/KgUUyxx":{"chainKey":{"counter":0},"chainType":2,"messageKeys":{}},"Baz9qhpszVPmLkxVq0PyeQM7vzD7td62UMC3zhL39cwQ":{"chainKey":{"counter":0},"chainType":2,"messageKeys":{}},"Bc3wea0F0r7q9NdOeGFpn2OwHN/Px4noR8NopTh88sNH":{"chainKey":{"counter":0},"chainType":2,"messageKeys":{}},"BUIQLT36qJdf751Z/Gq44I1YhO5pR/CwbNUZF7wZtqAv":{"chainKey":{"counter":0},"chainType":2,"messageKeys":{}},"BYoM3MXBm5y+KKlBdgkW3M5h8SnV0XQb86GRPiGSpTZ/":{"chainKey":{"counter":0},"chainType":2,"messageKeys":{}},"BS/+JrhpWG0Ndimru00E43fGI58t++6wheKifVjGz051":{"chainKey":{"counter":0},"chainType":2,"messageKeys":{}},"BbDHULATSBtTScjJ/TkVOMOXbbsJ3sQDUbmEpUwiD6xd":{"chainKey":{"counter":0},"chainType":2,"messageKeys":{}},"BaGZsg2YNjDCYDvNfZCVjyILBFUGisC2jBoX88eS5d8B":{"chainKey":{"counter":0},"chainType":2,"messageKeys":{}},"BV4kAoEx6ivrBryzdXwBHJDxyAzI7gE7pHloaf47WdQn":{"chainKey":{"counter":0},"chainType":2,"messageKeys":{}},"BRntu1r7bSMQiNWlpXfHjieBXFfhx2u1G2nMnfI89sog":{"chainKey":{"counter":0},"chainType":2,"messageKeys":{}},"BfzelbQmz0IX7m8nNYUf+/HGVRKhzgMqyYxA16A93RQB":{"chainKey":{"counter":0},"chainType":2,"messageKeys":{}},"Bbq1fVbkSHUaVCZQGZHOsXwKIEeZUL6vIWp77rNk72Fb":{"chainKey":{"counter":0},"chainType":2,"messageKeys":{}},"BZdPY4ecEoZqworiY2wILd34hbigBCjNSSlJLIOyRR0S":{"chainKey":{"counter":0},"chainType":2,"messageKeys":{}},"Bft0q8ZZyiFrtQNitqDlI+kbibQ2VjcYHy2EUCOCkRF8":{"chainKey":{"counter":0},"chainType":2,"messageKeys":{}},"BanjBzENSIhjG+2yEfg2vQAQVBJlqvmqstZfKUfIjK0m":{"chainKey":{"counter":0},"chainType":2,"messageKeys":{}},"BV5gntzAZVYfAPR6CwmGo/y9B07y2lxbSGLPiOuyDzkv":{"chainKey":{"counter":0},"chainType":2,"messageKeys":{}},"BexOVnOOmaPvM4AyM+A+vyipdye7YY4hOEFH6v35uD8l":{"chainKey":{"counter":0},"chainType":2,"messageKeys":{}},"BaKSeeagx8KTXwtMNCm+h7tbyUTVLWFD6ThDFwzvbYdX":{"chainKey":{"counter":0},"chainType":2,"messageKeys":{}},"BalDVLD7cjrpDQ6YZ0RQX8OG3EPHx/dKGij2Z5K4d4ts":{"chainKey":{"counter":0},"chainType":2,"messageKeys":{}},"BSpBSTWLY6QbiLR8UMe1DnK9xRyfTzTFBr0C3JICKe98":{"chainKey":{"counter":0},"chainType":2,"messageKeys":{}},"BY+tZObhOZ9VYLcBCieWZNmMRRPK5ZNzrJIvPBHC8E05":{"chainKey":{"counter":0},"chainType":2,"messageKeys":{}},"BZzqziH0e5qPIgfLdb5xx8RET7yk1pKJ9HuDtoqh4NpV":{"chainKey":{"counter":0},"chainType":2,"messageKeys":{}},"BWgQ2ydo8ctwBy7a09GIKoi2yuFh+wQv+CvSStxv+S1z":{"chainKey":{"counter":0},"chainType":2,"messageKeys":{}},"BSI8Ycauqo5hBWldmXSB5whWsfV0Dv4Jlh+2mma3aphh":{"chainKey":{"counter":0},"chainType":2,"messageKeys":{}},"BYFzp0rbpdDp0pINljiMmsYD1UMvp5NmHg1fcfRQ8d1o":{"chainKey":{"counter":0},"chainType":2,"messageKeys":{}},"BSdgtlwQMU8sQeNm105LWwWoaSvUNMaZqLBNvgPFDxhb":{"chainKey":{"counter":0},"chainType":2,"messageKeys":{}},"BaNqk+owcqv/QdqAPnwjGWX6xEqko/a+zVoSnZU7dWYY":{"chainKey":{"counter":0},"chainType":2,"messageKeys":{}},"BeN2adzSrd+tcKqlt0aCa+/rhiSI7o8aQjE4XAah/p8n":{"chainKey":{"counter":0},"chainType":2,"messageKeys":{}},"BSToqjvBDrfzIUsQTzHBNrmZp8szIjzsPh/g9mwSG6Mn":{"chainKey":{"counter":0},"chainType":2,"messageKeys":{}},"BYkwkf4jRcdJa49fFuc/cAVp/5aV0zVsCCf8poP60Zkc":{"chainKey":{"counter":0},"chainType":2,"messageKeys":{}},"BVGQVwF8ma+uphc7psB7qI38JKgBnZzOg2dXNDRkA7Nc":{"chainKey":{"counter":0},"chainType":2,"messageKeys":{}},"BctBixhUwGXcoVdMiO2FW7P4mS/mW8jCw5eaX23fAQBW":{"chainKey":{"counter":0},"chainType":2,"messageKeys":{}},"BSq92I80zJKSaYptI6Qgw6a4T9akgvsry9IyCpSELw0/":{"chainKey":{"counter":0},"chainType":2,"messageKeys":{}},"BahDyUoEMOCxJW7yqgkaauvXhe0qLbz7pIUTI/tW3jst":{"chainKey":{"counter":0},"chainType":2,"messageKeys":{}},"BWNnKo5gRqHMN80IqfPxDzB3JPZed8IFinQDWdNk97F4":{"chainKey":{"counter":0},"chainType":2,"messageKeys":{}},"BfQ1cF8RHcNx0EEL/Kh0vLjfqEANEF07Xx/ghMLXa8US":{"chainKey":{"counter":0},"chainType":2,"messageKeys":{}},"BQB7FFigGYUZWAQMa50W7RnKnjillqibUnq0/3UFuckc":{"chainKey":{"counter":0},"chainType":2,"messageKeys":{}},"BX8UIkiCNZ2WIlcItoxPkeZvc2n5WaJxEge+y+AB8qYh":{"chainKey":{"counter":0},"chainType":2,"messageKeys":{}},"BcGS+s4kHJTNl0P2X2PfZCNqtBj7vT5F+H6qJ7MzrldE":{"chainKey":{"counter":0},"chainType":2,"messageKeys":{}},"BQ/tQTTXnCFjQV55av9dPi+XFkP2jFcFJa74kRurSWs7":{"chainKey":{"counter":0},"chainType":2,"messageKeys":{}},"BR/bTVNz7xFDnjdBE7ttSuvA+uEOZeJZ/x2v6FfkXNo6":{"chainKey":{"counter":0},"chainType":2,"messageKeys":{}},"BQRyLFj5i1P0Fy2Y+aifeYLmWhlrKsIJ15rP9qioAC9i":{"chainKey":{"counter":0},"chainType":2,"messageKeys":{}},"BWKa5ecBzzQa2BESLrPJKA+aQlr1OYr3pwK/QDqSTdV/":{"chainKey":{"counter":0},"chainType":2,"messageKeys":{}},"BWk0kxDaS/2cVkxQwe+rkFiUAEBz4tth8zdslxN5GM5+":{"chainKey":{"counter":0},"chainType":2,"messageKeys":{}},"BYKPKggM6tpSrA/jG3N4Y2cq9z0wFDwccdeSofPEToFI":{"chainKey":{"counter":0},"chainType":2,"messageKeys":{}},"BbOQqnm3aHgd5l9t7zrf82ZYHAFj9/DnRP/7g1PQiFsP":{"chainKey":{"counter":0},"chainType":2,"messageKeys":{}},"BXKngcTNTcWEvasHShethM9GLjymNIS+lW9k/5KwyKQj":{"chainKey":{"counter":0},"chainType":2,"messageKeys":{}},"BV2P3qlgdTJVa7RXZ3hqezhBXx6vBJii2ugl95g2Nvoc":{"chainKey":{"counter":0},"chainType":2,"messageKeys":{}},"BShZew3MbowB+veqenkdJp8s+7vJtJGob6GdxhAN7eYR":{"chainKey":{"counter":0},"chainType":2,"messageKeys":{}},"BT4zKXGbWzxF/fidAB/XHT4e6md6oQxxFbcMfUBC/Hgu":{"chainKey":{"counter":0},"chainType":2,"messageKeys":{}},"Bc8VKrS1zXJOfCHIBBGbE1a0jvOL89K2cv3kS7U4q1Uw":{"chainKey":{"counter":0},"chainType":2,"messageKeys":{}},"BdmtxUZsJ6ttL15x8kcIsMesa/j6FChjN1BiEZgO83FX":{"chainKey":{"counter":0},"chainType":2,"messageKeys":{}},"BVIer+A5fW4L9zwLE7ZjNN2UCcOTEhofgiWChY4rmdAo":{"chainKey":{"counter":0},"chainType":2,"messageKeys":{}},"BY6SPcyfg6zvOu+Tn7DM03wI41ZWbKvApmSOYn963C5+":{"chainKey":{"counter":0},"chainType":2,"messageKeys":{}},"BcZ32hC9DcgpYtXpW5tkKqgS1YhHnGdx3+f5cBD4d4Yj":{"chainKey":{"counter":0},"chainType":2,"messageKeys":{}},"BXatfa3jBXnEn6FeZBXRICQ0sRr4VgqKAFBKzvnyosI2":{"chainKey":{"counter":0},"chainType":2,"messageKeys":{}},"BUHPS8ghRt5v0eMbGB/KKSO2Hmur0TAQnKOdIBc4jPks":{"chainKey":{"counter":0},"chainType":2,"messageKeys":{}},"BbtXiaqNeSG6mTV8iZdUYbcLZTkYL8ViCz2AJ3fOLp4y":{"chainKey":{"counter":0},"chainType":2,"messageKeys":{}},"BTWtpb6EuQnqLLbNcWhAlWjcjK2scZy/zYmLMSLDErFb":{"chainKey":{"counter":0},"chainType":2,"messageKeys":{}},"BWVoRwd+GaSY0ph5per0+9BKX+1N/+VlbYVkrjQYMKEO":{"chainKey":{"counter":0},"chainType":2,"messageKeys":{}},"BS3qg7wpTxhbvozjiKtyYVLqFSmqSKiKlWAgs2qRJJMP":{"chainKey":{"counter":0},"chainType":2,"messageKeys":{}},"BSZW7SXGmiNfatuIWGO5Kys9mwCc+FBh2B9rKomb5DsD":{"chainKey":{"counter":0},"chainType":2,"messageKeys":{}},"BeWpJGPvA9sGzYfXXRpIQdFBmJh6f6VdHG8Y9BuGIJBC":{"chainKey":{"counter":0},"chainType":2,"messageKeys":{}},"BcpCSaqoRWcrv7k3vmezDpP4izQxviJHD0GBQCPOwiwX":{"chainKey":{"counter":0},"chainType":2,"messageKeys":{}},"BRzqiioNQCisgvg6q4m009IfJEErpu96RMqn+1gJx38j":{"chainKey":{"counter":0},"chainType":2,"messageKeys":{}},"BaqRVSFjQmhbeY5i/dwbrqzq1bOjSIXglGCwDEHMVSFi":{"chainKey":{"counter":0},"chainType":2,"messageKeys":{}},"BatsifIq9HKBSmIzRfQpr6Qp/PW3THeF3M+K0bMb6wlN":{"chainKey":{"counter":0},"chainType":2,"messageKeys":{}},"BdtoI229ZrB9q7TWW5RiyRV3HRFISOijdnulXXDLqJZj":{"chainKey":{"counter":0},"chainType":2,"messageKeys":{}},"BclL5wo3NeaCOhP4kYue5c3yhiVHFWMyxlbO4je4zmA+":{"chainKey":{"counter":0},"chainType":2,"messageKeys":{}},"BXKfC5HmyUqeMkQjbnsfubWnkelxL8j7AMALdavY1UBq":{"chainKey":{"counter":0},"chainType":2,"messageKeys":{}},"BWRg40ft2Gcnpv/73xokh8svs08z0amcTQHO5HIqGlQZ":{"chainKey":{"counter":0},"chainType":2,"messageKeys":{}},"BZBaZBMV99LKSUjxVigvX+8FinD6XqK1Q57WSTOGyac+":{"chainKey":{"counter":0},"chainType":2,"messageKeys":{}},"BYrS4ZqFagWMs6y4T0I2ptzok1hJ/32+SkEMLkiniw48":{"chainKey":{"counter":0},"chainType":2,"messageKeys":{}},"BYoFP3gO29zyksF1yRfu35kj0p8f4PjKxz01Cb9+1c1A":{"chainKey":{"counter":0},"chainType":2,"messageKeys":{}},"Bb+d56kwW/9MYrTfxkCgw+jOpNF03PvzQWXKR3cYBVZR":{"chainKey":{"counter":0},"chainType":2,"messageKeys":{}},"BTnZA2zpsMopXraaIVDcyl17I7J9+zmZozHCkmmyLCwh":{"chainKey":{"counter":0},"chainType":2,"messageKeys":{}},"BXfQSDpusE8hV6NvWlDAN4uAUiVUNSnstClZYxtWu819":{"chainKey":{"counter":0},"chainType":2,"messageKeys":{}},"BUoWqpLxMLCVCbeLzUgMnKAFH2NKiaLP3L9lHTdK+hxs":{"chainKey":{"counter":0},"chainType":2,"messageKeys":{}},"BZsKrD2iUQT/GzVLZ6nQawb8Av/qnhYV4hJD9E6pZw0F":{"chainKey":{"counter":0},"chainType":2,"messageKeys":{}},"BYEfbWzO73PwFD1syMj/scm/YXrtSbn4vHIhZkfBw+se":{"chainKey":{"counter":0},"chainType":2,"messageKeys":{}},"BRUWbt0WCM5K4NQyQ/c522/nVm3138dqiAKzccNYcL89":{"chainKey":{"counter":0,"key":"Bb45toojJjFliPbp58iRAcVpkrKtRuWyyOD2bqfUFBY="},"chainType":2,"messageKeys":{}},"BfOxulqsI6zWoFPcmNRsvNE4IigKZRT4L2pFPyMh0z0X":{"chainKey":{"counter":-1,"key":"KYhNx+nQznnrB7XeGxGMGFCsj/hCQw4jOuatCZd7qJQ="},"chainType":1,"messageKeys":{}}}}},"version":"v1"}