{"_sessions":{"BTGJXj0ST7oWpj3x9C658kZKb6J6s4a2sEpHISexbfJq":{"registrationId":367977425,"currentRatchet":{"ephemeralKeyPair":{"pubKey":"Bd6mHL5P9I4I2ww/dvjGVmrcvQaVnguM2mRX53YJVtF3","privKey":"2NfCM0DmmFAbG9nrGpqUD2naoUobJWI9ivmhoIIDDH8="},"lastRemoteEphemeralKey":"BZlIG+6xtv6aCfWb1LqYxBM0sgCC0R9QBlkByT1Q33dk","previousCounter":0,"rootKey":"JjdRRSd+054SCASjtwKqfBMZtSAmjVQ6SJxqk346ZaE="},"indexInfo":{"baseKey":"BTGJXj0ST7oWpj3x9C658kZKb6J6s4a2sEpHISexbfJq","baseKeyType":1,"closed":-1,"used":1760396211014,"created":1760396211014,"remoteIdentityKey":"Ba34GN1f/PAetQ+NeTsRxqW55pF3AbkZF/cTLMEyi+RH"},"_chains":{"Bd6mHL5P9I4I2ww/dvjGVmrcvQaVnguM2mRX53YJVtF3":{"chainKey":{"counter":1,"key":"BoJOhlyNuVEejLbHg/zdpvePp9WMT+LqfXYN0GCEN5s="},"chainType":1,"messageKeys":{}}},"pendingPreKey":{"signedKeyId":8565385,"baseKey":"BTGJXj0ST7oWpj3x9C658kZKb6J6s4a2sEpHISexbfJq","preKeyId":8814504}}},"version":"v1"}