{"version":12,"hash":{"type":"Buffer","data":"ihIQuw0jy36XOr5crETtdWZFwKUeCKzlK2e6khb9kRaL1Df9rf+19rnd7nwPnUvFadMUh1GNQxGuUPRtPWmcvc+7MGypkNTPYbpV8sukIrFNGAsBMlkwXVY1voarUv6tqxdxhxw/2iZXSSdWPIcDRyaczeqeZ9i0vs9BgnxU7fs="},"indexValueMap":{"h73n5eS1MBV69IS+LYNlrqUeZwA2aKKMIDbdSenxWNg=":{"valueMac":{"type":"Buffer","data":"ikqnCrDB91FYu7cNxEXLQ+WgSqQx/GsfdoMo2YCGWmw="}},"XEfmwRUa3H9qAOZmSLq/ySI7zcT38mOWgo9rkkjDfek=":{"valueMac":{"type":"Buffer","data":"YNmyhuMZ4+FKpZC6SdfL9zF6vbFMjKyqIvUrtU5qobY="}},"7wwr7gMbIIGWhMuxmY3/GU6qJ3+gtB0snrrTlKn/H2I=":{"valueMac":{"type":"Buffer","data":"kQkOH9Cd1Y7llmPo2rEto1KKzaLYLylY9QpTBNYQ1l0="}},"CGz7O5h/vGJDMuL3wwPu3mrjNvuXo8todGzpd7rmlHE=":{"valueMac":{"type":"Buffer","data":"uAuDJErRH53p7Bu5/cBIlrJyERCC6xsUWY6HUmrLEJE="}}}}