{"_sessions":{"BSzLDVAuZfQfZ4tyoCjYjO8uG5bg6B/JvMYnVhgGMFQG":{"registrationId":1907079139,"currentRatchet":{"ephemeralKeyPair":{"pubKey":"BU4tL1s6Z+QskHMPZgp/Z+IBdA1DsyhxQ6BQeyG1u8d0","privKey":"+OJaEPWvQM4tSZ7Dxvc7PiuhJ3PPrejla957Cq4xwWw="},"lastRemoteEphemeralKey":"BWdtgvyMG8ZT2wx10ZA+G/3HOAXxpfkBCLF0wSMD0Z0o","previousCounter":95,"rootKey":"yjH9sd6ilrbFKuXj6sbiu67jA/csA7EastbVPznRcTM="},"indexInfo":{"baseKey":"BSzLDVAuZfQfZ4tyoCjYjO8uG5bg6B/JvMYnVhgGMFQG","baseKeyType":2,"closed":-1,"used":1760367751613,"created":1760360319689,"remoteIdentityKey":"BVudwn+QdRKTK7kY3OFNQP22zRUu6fbGYsNTERxv5Nwz"},"_chains":{"Bf9UNROQHx5vIl6SrpMEWOSD+KBIpP1KiATh+8vyJe9L":{"chainKey":{"counter":6},"chainType":2,"messageKeys":{}},"BcjpEeFYk3EEFDNhczuTDn6B/bBXp3/Xq/BzJeuaZnEP":{"chainKey":{"counter":1},"chainType":2,"messageKeys":{}},"BXaBNERvnAPlpB50Di5iEHxGZC2DUCyeDksVwKyld5cv":{"chainKey":{"counter":0},"chainType":2,"messageKeys":{}},"BWoF1PDzr912Xm9+BKHsOW1Idl1KIbTqvW09HJ6eZ2gK":{"chainKey":{"counter":0},"chainType":2,"messageKeys":{}},"BfSJdIMKkFl1Dzmk2RYvc+lAyUDMqX8LPyFZ3n94kVFF":{"chainKey":{"counter":0},"chainType":2,"messageKeys":{}},"BflUSIgxYY4G9+h3YACQcPnbQWmY8g5x1xEjAXyBDsAf":{"chainKey":{"counter":0},"chainType":2,"messageKeys":{}},"BWdtgvyMG8ZT2wx10ZA+G/3HOAXxpfkBCLF0wSMD0Z0o":{"chainKey":{"counter":0,"key":"JnT+92q6TbsukvJOnKojZjFYOTBqDSSJRUn0IbkMbNY="},"chainType":2,"messageKeys":{}},"BU4tL1s6Z+QskHMPZgp/Z+IBdA1DsyhxQ6BQeyG1u8d0":{"chainKey":{"counter":107,"key":"dO3yCjQGEs74ENrLRdHHFTxx8Rx1aAXvNVDsFj+dKCA="},"chainType":1,"messageKeys":{}}}}},"version":"v1"}