{"version":82,"hash":{"type":"Buffer","data":"kMGa1QMGnX6y7LLnlBy8QRGE6RM/I7WlUTeC24b53Ljl55a6/UudqIiz0Y+gkFLXfD3Z5XWhjWMeAsMLKfC9OIuaIlFDn0YYlEduJ51d5cX7zbPrc4YLDmBhCFzTmSzDr1Yuvrl9LlJ1PdYs2coZxPhcRJqnxg7GTiQzU7hmNgs="},"indexValueMap":{"C+NkcZ7+d6Oh8H4VLGood5hEmTWhypNaR4o36Da4MFc=":{"valueMac":{"type":"Buffer","data":"HL338hItJnRMuwp+d1EE0wK34+qRUdn1iTl7C6vt+lI="}},"GaNIuz2xFjPnGFIUSzHDqRQbxdRPhT727FYUSvO51Uo=":{"valueMac":{"type":"Buffer","data":"6CUY0/9nAuAGMZ6zWUSxGtshI0CSkmzg5yKJbVdwVPU="}},"JIzEdb7J/UsVIkiPpodUZHwOw+TKFYbBIHUQ9xW6xtc=":{"valueMac":{"type":"Buffer","data":"9L0YjTuquPJ210Wj5VrJR1z1KmaVrt3LY9PMpIyQL+4="}},"KAKzWPHByRMwYw6s9qfEVgsHkugwUpRaHzN0Wol+/YE=":{"valueMac":{"type":"Buffer","data":"5CM0eWeYZ3Qqhzv6895BqLiZQafYo1z6KTmIQY/mo38="}},"LbCjTIWyb+xZIFgp9wkAQydatJ+w+2tRoCflqSj1Ut0=":{"valueMac":{"type":"Buffer","data":"1FgsJXlry4jXDRRzw52UQHSGqeZDy976gw0kojG4jt4="}},"L4mSu4hXf8QqhmaDT2Skg7OUJK1sIYIsQ7EubLss6Ng=":{"valueMac":{"type":"Buffer","data":"HGV0Hxk4T1GHj22pXp0lqYtXvWmVEYXjA89JsPwuY0U="}},"NJkMUGlxkChKj8tjnc3iDpCCWdUlZRtlUcn0esNUgOo=":{"valueMac":{"type":"Buffer","data":"YVJ0IAMPcby6l4eDwg2gAvy2nK9zvWOKaqOv9d1lAkA="}},"PqNazH84fE0m1Fm4ZAtyhnw+NOVOdaDqGZHhxiPukwQ=":{"valueMac":{"type":"Buffer","data":"qM0BLQ6SzfoKcWcCs3n3mBGPORXvxjpmntR6hJ7JczQ="}},"QGri7Dz8B99DW7LWos1VJppLwXA+q2QqHn1IoBzsyso=":{"valueMac":{"type":"Buffer","data":"+LXMhCXbpobHteAkyRopO8uve5iQl7o/Y/eDxvLyy2g="}},"QH3wDN0vsLOLf/TVkPvK+Xz9CYfsdt+7VfOUcgr7Dmw=":{"valueMac":{"type":"Buffer","data":"RSb2CHYRuXYCAQd+bMvFkAdR4K84VuaaHh8UXOrtbv0="}},"Rw/lM0NYmgWgi2VJU2RbSBrCySmJlqrC3ZY3ePRyDxc=":{"valueMac":{"type":"Buffer","data":"rkdv9gT7CumW/6/7oFnLh9P5zaWWKf1BH4l7BgxYofs="}},"R5U2Jn4DZ/lcXcWuUF9e3carD1yZfOYUsEM/WugFSt8=":{"valueMac":{"type":"Buffer","data":"hDQNlF0xrmuIu4uoQyXXXq3xUNaA8MSw7t4Z7qFaQiA="}},"S22i26rMiSwHTzHN+8cqI8z3ra6U5KoZskzLObpkVT4=":{"valueMac":{"type":"Buffer","data":"9okzhXOMlX55rQLvP3JSe3ufcsU6LhuQXPoKrmDozPg="}},"UnUDtd3bvywNOLp+DDIBDISwSvZktl/0UGGFCJ+n0zs=":{"valueMac":{"type":"Buffer","data":"j3OYYAHhFrcY2SEmyISJr62D/J/xvOtqcq0sxi4T6jc="}},"ZHCR3ZPthY1VWxDICAJMsI/xgXOBfNYEZd2W3rU0MEo=":{"valueMac":{"type":"Buffer","data":"9GXmvQR1D9S6sSuR8/RSKyIWp6xsm5akjyrw97yolhg="}},"ZKZsGzK1mHmvqXvLOn4Qy2A+ZvWtnoK/ucbPP0EX+zU=":{"valueMac":{"type":"Buffer","data":"M5V+hfeqNe8dzlmwUVl8aOqTT2i1B6Rdkg6cyxVWA0k="}},"aAMUql90PMk2wUIYF3bXbBmpmxex40Hb+9MIK92IsgU=":{"valueMac":{"type":"Buffer","data":"yqyjKKrSJJz6jvYv2dQSTmWNJoe1OEu2o0Lo+NuHmOw="}},"bsGS6vlffvnMuMF7gb+q/XER5fh2z0n920SGJ3Ik6LA=":{"valueMac":{"type":"Buffer","data":"a0FnlNnDzh7NNkHotUrYkG/17nmr++S4pjvXakv2AIE="}},"b1kHIe5/YudDIg7mNn9SaiQCPKPw2cL/gSazNjb5OeI=":{"valueMac":{"type":"Buffer","data":"o/uDuZkcy7LttSvYk1eoa5juIiuRLv29o7zBysyprXU="}},"cp/fjZKaOhLWNij5EhUV9VYL41hXk2T/EJ5t5Zbem9E=":{"valueMac":{"type":"Buffer","data":"Mh3GNUrE7ZvHH5DHeuWkvTSmI6D7ildchogRltxVd8M="}},"eTRFa6yYH3Vy9ov1S7RuEF9yNTxDUVmzzPGMrrLbWXg=":{"valueMac":{"type":"Buffer","data":"pjrVskE6ZbWkWy5O5Y4/VAQT0cOygQ6nFwANDxTQFUA="}},"edQxOPtBSCEwJ0QF+yCNTnp+7msDMTYittiPnRKGKTw=":{"valueMac":{"type":"Buffer","data":"esf6lrCqkLaFCYkGo7C7VO1NUTxY+K4cE3wLMo/Y6R0="}},"gwf9Jmq465YpU5ARt4S3pFLPlnr74GmeoJbLgZqZO7M=":{"valueMac":{"type":"Buffer","data":"U2678L+GTZ93sSVEObXfSPKowToIdtPzab2mYBMR8LE="}},"jG/reorjQB8yZHhWxdVZyFZKB4fEmPfcavw6lt1jYYM=":{"valueMac":{"type":"Buffer","data":"3dG+dRlElGmStD7O5AJWx0l6/Fcl+QahgZoO1FZAEsk="}},"kx6DeiDi0pFcF8nfA7tqDcSUdxDoiFmkcGM0y5hZcBc=":{"valueMac":{"type":"Buffer","data":"gcq/qkFpEL+kz/0SQHPcVSAoMxo2FIGwB0d7oucT6JA="}},"ndzS/AnMvK+fIDL2tscvJtfGf5F/yAXbNFikRiQQK24=":{"valueMac":{"type":"Buffer","data":"xphwrRmIpqViOqyK8SG9kM38kIlwpqS/XPcp2xQQ0aI="}},"oFTPvEcTHJtFRkjVzqJTwWn8e5YT9jgmonKr2AjKroM=":{"valueMac":{"type":"Buffer","data":"+QqF/BhWLI5BV0SGN7gyP2oJD1B6pqcVOOBiKPDalZE="}},"oY3Ka1GJE7uDGDQpfQEKD76ikZb3ZZposnVmE6drh6A=":{"valueMac":{"type":"Buffer","data":"LjoUjj6AgNclIQUOyziGZfdYwRCV54uYhcyjOT6pZ2o="}},"qvhhhGEjWeEINFJw4sQkHOC/sH/FYuIMJMsGv31V2oU=":{"valueMac":{"type":"Buffer","data":"0opxag9To5vhYCLq1oKV0QgQXbDdWfHlN2HR0z38QBM="}},"rLnvDN/+/3pd7jYR+AGaxjflc5Y2aepcal7JbBA40iY=":{"valueMac":{"type":"Buffer","data":"MjokqumiFUU3PzqsZB0T+uOpdvXA3ho+LGwRkNMZr5U="}},"uhjVV03UOTXOr2+wb0D3Il/CIByvMYufPQyxgsDhGCI=":{"valueMac":{"type":"Buffer","data":"Sd5Uk5+WqYZn4l1at/9j9fKH6/mlfwzgFvEhlYan92Y="}},"0uyyZLGry7+GbVlXVENmWGEKRLtfECaXx5Qn4FP+F+8=":{"valueMac":{"type":"Buffer","data":"9qw574CbT24cWQUqrfHVUvAUrIqwibm+aTdRiPvCLQE="}},"1A2wFo6GagnxvzrTTf8QP4WL8atiiRykYIQU9gLMU9s=":{"valueMac":{"type":"Buffer","data":"+pfmrteCXazjxv/xS/pJklAiSWSEHHTfAuDnSyhiJ08="}},"2U5To8wN6A/zf21hmMtoU1q9lo2pnHXzqeBgCI2xreA=":{"valueMac":{"type":"Buffer","data":"5WcfQ919gy0HG1sVKSdjTjE9xIaeNzsaB2YHRppD0vA="}},"8aP6NRujFmjEdv93xdn/Pi/AxCtWzuGrD4p08KUpyAE=":{"valueMac":{"type":"Buffer","data":"tqzosZcr/JnXjKEHbprHCB4DiiCkPerBwu8F7tKa0xs="}},"83Q5uMyu7NR4PZvlZCAsX0T9kw7cF76k5oCfCqJQD/8=":{"valueMac":{"type":"Buffer","data":"nU70B/4k1LmYRlcT48NjupLCHHolNa9f0LfkzFD9gx8="}},"84flN1PltGulij91PV5XGsCidPkv+UHMBqdq3u3HIEo=":{"valueMac":{"type":"Buffer","data":"acVOYKrDMqlI9cI7QKj7j5aY/MaveX9e0BVtnGskDxM="}},"9c/y4pp4EgrNJSSvNWQBXNFxPW+DeYBCzZVRVnQjFpg=":{"valueMac":{"type":"Buffer","data":"VJkr7cHy5jlB4FK33rmGhLe7QVKaF6v6QOzMNrBZoU0="}},"E4FoNtC3aw1SYM0LxHtC8zO8xLQq9aFwEHoqsi0nGf8=":{"valueMac":{"type":"Buffer","data":"Is3RX0HqzClaBPcK9vA7tsodSpXrc3U7di0y9aANrOc="}},"hRId6FmfD3oz6upw0Xshgli65zlQVK0BLhwsdlvZSYo=":{"valueMac":{"type":"Buffer","data":"zU/k5l7IBp41QEVXVIjgSGvUW4NMB6l7iuki7f4pT2I="}},"uJ33SzBCu61aimWQi0F/87gmpCrAC571opj1C3GD7YI=":{"valueMac":{"type":"Buffer","data":"pbBHqvxffr6VrN4E7bQ4r1zNvwpv0BAsTQ1TsxOOVdc="}},"5cM48k/htdy5zitdq9ydsbmlp9ug+oQLtXKlv1gzd4Q=":{"valueMac":{"type":"Buffer","data":"sI1302PSvWHeoL8iR/qv9dT2oXaCoMy/CWLr4BfsJgA="}},"fSVxlHezBEtUBBbqSpMMafDjycS3XmAX5X9Zzq5i9uY=":{"valueMac":{"type":"Buffer","data":"wY7hs4qaEdOp3qzifd0RA8OmAjH1iC6jNLegoFVwnn4="}},"aoAfaM8XPbNSW3cX/oBckIBnEoPCX2RGfLZq9YHvGgM=":{"valueMac":{"type":"Buffer","data":"ssWeDmJoK1db/p+11Fx43xvrhtpS2P1GcBdorEv+vKA="}},"7X6k2p+IEDpAIE7pgQhdmgbKwzuHTznmSQaLZDKjODI=":{"valueMac":{"type":"Buffer","data":"qjqSKikFNmMHnKDP/Y9snuTrYqzrkNzTKTdihoxKTwk="}},"0x/XrCEkmOLAFoTk7tEdQ11F3Cfz1BMqf/V2F58F2MI=":{"valueMac":{"type":"Buffer","data":"nEtWex+A9+14XlDc6GCtjWsx8wn7IJQf+RUOXMosKdc="}},"IOIyL2RBcwn7nMjMhJakPRIzSUDX5jh0CmNj9U5Z+ws=":{"valueMac":{"type":"Buffer","data":"5QsMOMTCLYQfWteWy6P9sPvKPe26u+WTwfaODayV4fg="}},"acV6g5t3AR+c2vioo4LZoLkl6NV3YpOXmw2Ka1HTIDQ=":{"valueMac":{"type":"Buffer","data":"nh6s1WyhD1tBzk027C3YL/Cn7IvlOLAvAfX4L/U9yKQ="}},"f3A8sW21EUnt/goL5bsOMcp8itJ/tFs08N2NYKa4j1I=":{"valueMac":{"type":"Buffer","data":"B97ldhZSkW9MYS9bjZh56ufNyB0PFUtRy6cs3BLPAgg="}},"rSz9YrRujKRmxjx/xqdY4OmBk6OBei9nWdW+x2luMUQ=":{"valueMac":{"type":"Buffer","data":"KCn6FqDqdU8sNEvK4dUVhk0h1awQInqbQTNBP0xMMt8="}},"UFdjAzcpHYAOgMz6VTfLF6EZG0B5KZW9F2NLwBatZEk=":{"valueMac":{"type":"Buffer","data":"VLODxjOfpwHVPXwRtoaufpt7+VrPl91ASoP34NxX0YM="}},"BX61E7Fmz5kK+Mob/yFcIMz6eCvo31amJcNA1eegboo=":{"valueMac":{"type":"Buffer","data":"jxwZTN3m+0oVmrCwbaFl5eVGB27Q5ptR4/+uPoLLmoA="}},"5+LJlTM45F1UEr3ApwSHsET9cXvTz2tu0T/kBo9T8BI=":{"valueMac":{"type":"Buffer","data":"H+fPA5XCPgFT/EJUMWd8qePPNwpRx3WIFuPt3+j35eo="}},"gx0lye9QQCcKfWIHqyu5x6icpFnXdqUTAFHlHeeSbV4=":{"valueMac":{"type":"Buffer","data":"SCqiMCZMr4Ijjs1j9wT9W/X/QwhlvU+AQuDJVAN1A+I="}},"gp04hfw2a3pxNFE83w5tL9Z3L9QXQLOhT+uNm6lCIXk=":{"valueMac":{"type":"Buffer","data":"5yK9Nur05WU1GIu8Bl+T7z9rVK55zb7GCNb6+dsqysg="}},"91um8kMB53zYDYZG98tw7nfaI1J6gLByXfkAZV8SWGI=":{"valueMac":{"type":"Buffer","data":"YWUkHVMN/LQF4RMR9f5mrT/zdfNFdFWxsECOm/kO+Tg="}}}}