{"version":35,"hash":{"type":"Buffer","data":"tCz1zSuaJdci7pZMGNmLMx7WCK5dYpcDyH3JRaFxR9KcyDZOuRmYnkhz9Bq+GkCdO2nIkGpS+VujdoW+Uubh5ripilwDKkD01z/5jnHYMBIIYavdtPgNKWg8tC3I6O2hJ/3Dn1yWMTnQmQWvDdTJnHikluYaXdyusmpLzVkPxFA="},"indexValueMap":{"n1ZiA8XorqPTFckTK2o4T+x12gN01tM5zgnvxJ+NZTk=":{"valueMac":{"type":"Buffer","data":"ylQOmhZUCnnIk+LSx8BVuLmw9A/nt6BJU6OwJciLU5M="}},"qQU9uevJcYjiiRPmEuJc3nLGCzx9xMFNEdsfeLsNxBM=":{"valueMac":{"type":"Buffer","data":"r1F2T/9dkjDuDjAYgv6o+PnZwZCIAflRg9GABXO7xx8="}},"6l7D6G+45gXyNehMYPXYcoW8whcXz82iRShsdK5Ins4=":{"valueMac":{"type":"Buffer","data":"Cdqv32LnzASMnMkopV62hf84DNmxwr98cQo/yMM5uUA="}},"hGyBUp9ht/BAaDoKSbbZEqR3SgVBFew+UFe/5a2Tr/s=":{"valueMac":{"type":"Buffer","data":"wLdSoKPf9MP2wZ8yM9eNbfW9Zx2WdUev3TEp/3QYu6s="}},"ZJZJC3Lx8pfynyB17wG/vrKnkiy8U+YJv78YPXXJvAc=":{"valueMac":{"type":"Buffer","data":"Cq6CYC6zTlrG4rHnbTpjdapEVpp2wEeNPgOrFSQ15F0="}},"M/cMw7hCjCwAYOW4GdQGO/MaY/V0CoWEQ9xHdNgjca4=":{"valueMac":{"type":"Buffer","data":"Edqg+EsPPQ31FqM1derMlyd/Vopon3E4uUhfJdPvkes="}},"wvBJk2DApujMWo8TMYn/WtGu0G0JU4oBVYhzKOrZXPI=":{"valueMac":{"type":"Buffer","data":"m2n5EmxZB+oWAiMo4m19SbA181sPHt/YS5EXqw6ZCRQ="}},"rl/L8L29D2CDEFp+kIF0TCX5e5BL+T0N/nuYJp/E/s4=":{"valueMac":{"type":"Buffer","data":"GUq1m95mPyNLewzabcVbGBeweRl3Ld4HQLp0qft/xcA="}},"nPCVNnvmN4SODp+dQMi8dYzcClLLZOyN/9CRLB4Zv9c=":{"valueMac":{"type":"Buffer","data":"I/FUI0aK8LERJfz/iwkqi65i9m/8s0wLxdCcUW3WwpI="}},"4jjys7F9scewxfTwBbmNejM0in/9e5LkHbRS/1Mv00c=":{"valueMac":{"type":"Buffer","data":"1tobdRAxrxI1DFSlb+JQWy3a27kHRTzu44qN4vl5zXM="}},"wdz4hu/9MQ4Jh8+y3vwXoAJ/xOfMPiVOJK3aD0VMk+E=":{"valueMac":{"type":"Buffer","data":"MVpju0Qxx5a+GaEzM+9GGQoUaHTmCGAjPrmw1dx09bY="}}}}