{"version":160,"hash":{"type":"Buffer","data":"ottb0WCaBPB7lFTazToegeFhnR7Amg1rwu8VC3RJZ2RLnKZH09TJLXkOs9TMjJEbdzmUY379aSPEEaPGRPaW0OriW6mYgl9Kl6hLVCn1Eh7Yu0tipe5WFvpO+1SpmWHQxDcan5VJ9mbdH6XasEgyGHiXuk5B65VEMpbt8axM3lM="},"indexValueMap":{"Bkh0V2A5fMfJO7niopgGsDKp0zHVSAUBJDtUpE0zad8=":{"valueMac":{"type":"Buffer","data":"TbegRz6BTFvsb5Et62z7diI5MIgEc2OwVjZ7gT98g+s="}},"CFNhd4Ew1Z8W86nUBoPGmHUlw5ixFa7/bLCD1yGUpOY=":{"valueMac":{"type":"Buffer","data":"B78Qr+5qksW5q5p29auPfq/e9Hzoy7Szd14e3et+CMM="}},"CKT4GB9ayB1JQNCTZhgOxmPstjzzMTE1bPuuVZR/OIk=":{"valueMac":{"type":"Buffer","data":"RL7mqxHEDUOkOBBBvvVKDq13aPtqz8KfryfcLYCBSFM="}},"CbniHJmzL2+ZSsVhxzqQWgV8dE9q1PPlj9vxFfkuhR4=":{"valueMac":{"type":"Buffer","data":"9LeEKXffKDR3ihDiOkkQLl7smo0blH4egHCJIyX9lSY="}},"DLCnUVXp1nP9ow7qf0LqirtJOhfqYBwtivfHx2Idr8o=":{"valueMac":{"type":"Buffer","data":"sJXJreb+3+nWVGuj48bA0u3dNrBxOQZAe8vnSUu0VCE="}},"DM70sbuK1cPHVcIT/vvqzlmXuFBzMiouYEivkGl3PpE=":{"valueMac":{"type":"Buffer","data":"BMkbh0ie/Icjv8soSSNXksoT5ykj568NBR3RTKNCKuw="}},"D/W6ntUqoRisopF7VykhOaM5vE2nonpJYfjIS0nv4gY=":{"valueMac":{"type":"Buffer","data":"jnzAHm1S9J6pV2TltiMR/luKOJcRPAJsvBZDQ2ltqMY="}},"D/9T4nfiaGuguZDLsXS9zS/8WT2jpUw/is9gwlkqRuU=":{"valueMac":{"type":"Buffer","data":"X/VuItFA3aIQdmB/gqJoXcoOKTvKPu0o076Ua8muOdQ="}},"EGgWl7Y5b7g8J1I6xcSy4YnwAhVL9DnhmrW7JMxt2EY=":{"valueMac":{"type":"Buffer","data":"QNPBWtchXzvO71v8fDaV31rVSde91NAufaGjStIHIkw="}},"EyXoColl7jHDfiGEpzXPhFMfegcmQbP9/rWZmI7MrWM=":{"valueMac":{"type":"Buffer","data":"3DmYN4RRqAqT4m69iricYrzibTSqqDrJBx0uheSmWtQ="}},"FaW96xEavz107ogdEsNp2Ql2S2/ZuesGqsUnSn0bwXc=":{"valueMac":{"type":"Buffer","data":"Pz6Q+VMAdtGQOnpObz1l0XzOzlT1zl0X/6VenV42FQA="}},"FmZ91HcAMSgt2cA8UexTbKZb+bkPu94IuXQI2Ygu0so=":{"valueMac":{"type":"Buffer","data":"/kylVZ3+GIX9WYhH0E4id44C9yWLkbGq8UnxTNeuKTI="}},"FwM0+lsQWbB6itPXh52rAJt8RS9w9ij5q6+M/Xxmu1c=":{"valueMac":{"type":"Buffer","data":"dyoBAVIOArZW4RgJFxpf/kTJu9Tz+SyxGqy0NCsV6J4="}},"FzEUiB/aXk8YGcper2XkfYqREyA3eWAZz+FDuHh4oQ4=":{"valueMac":{"type":"Buffer","data":"0vNgbRMJ1GCvbVkgIR8sjWkaJTEX9FRIbAOXNs4G6Xo="}},"F4gNCn0dqcB3LAJRKiFajLtiVr6VgNmeOFUEEkh+I2s=":{"valueMac":{"type":"Buffer","data":"86fBYD3x/Sa0r0jX410+n2UoADuBYIWK+ywVP9fW2dY="}},"F6s8mBz8BvyT0w+t/uhjwikn2RIhh+c4bGxVuOQ7zWA=":{"valueMac":{"type":"Buffer","data":"YmITQDVnW8vfSfFpcBU23L49WzBgOsH+WNGQp05K974="}},"GAVtrbq70Top9YmFnu6TbQ402Z9s86tugceDJSJ9ois=":{"valueMac":{"type":"Buffer","data":"PZIRZEwwh5//VhC1YTNZ0+Kbqb/sOXKeWYZT9pLD5YM="}},"GOGezSRGX6uTqhITXci4zzsB0RMk4ic9ccYKlO8yyVg=":{"valueMac":{"type":"Buffer","data":"YaN+jK+MQAsXJYiKNHc+rtQYGat/1iJh/1cMpSVeI68="}},"GceR/JAwVVqp9DpZ+hGMYpYGwhDQGiPCIEoq3XMcJIA=":{"valueMac":{"type":"Buffer","data":"og9oFk6tyvBn1o7tbyH23/kOGhG9RUEfRnO0JVkJSXo="}},"GgPtqPae6UEjnwksUYY31rPSNx2c9pqQs0gnem+br9A=":{"valueMac":{"type":"Buffer","data":"X51gyaYmSABlt18J/+AqXm1WNrsVO+QivAsZvKDsH1g="}},"Gw/u2k6Y7C8TpdukFwHzU9F6QdQQkrS9qtOzZoWKbaM=":{"valueMac":{"type":"Buffer","data":"Qikc8ZQTnrFdQP8j9LV9iuoBflF5RqzkKfHyzCdibt0="}},"G1CAmt6utv4vQ29aPtH/X0AwlIGKTb2V4RQ26Jzhl2g=":{"valueMac":{"type":"Buffer","data":"2Iyd6MICV0Dwh8KiwYRNkpizEEBNJXqakKbJbXW47MA="}},"HHaUUkDNFSZeY3zB6Ydb0/wqxFQ1RoXctHtF/bW19xs=":{"valueMac":{"type":"Buffer","data":"3XTW17LpVVzjHFERBX6xWV5omvL9a0YKNHgSaMddp+U="}},"HHmJkfXIjT3AMIEYIWpTqoGpiHvAr7Etis/0CCW8yZc=":{"valueMac":{"type":"Buffer","data":"tZWvNud2UfW1/vGz0noITe41pZ69VG+nwNp2SE9cfYw="}},"HW0VEcN+fu3+33gqv+F3tM3o9bkBUt2zOg/xA26kwto=":{"valueMac":{"type":"Buffer","data":"XXIlY0KA0idzE960dEZL6Sv6UDcr3sn0WyEE3TSXxVs="}},"HeBM5SDlxLzCMWYV7j9jWyjpRovL7vSqorsbXgoH+rw=":{"valueMac":{"type":"Buffer","data":"aHmtzgUoWdgwOw/NV+12XrF84foMx62p/HLLVj0Pa9k="}},"HxXZbXcQMYKXm6X/bLbI1SAw1WK5/iqWB7YIwDBpHos=":{"valueMac":{"type":"Buffer","data":"dvgl+NVjTK8qq+QnuHb3e3MO2r50yRKykhsB94w8RD4="}},"IWTqf6mjQ/8GxwJaOLDMsCcqmBx4okjHcArT7vdZt4w=":{"valueMac":{"type":"Buffer","data":"1Kj4ULR/eOpWFLaCwEx4h7Cue1iq04BJf8ml4QksMvY="}},"JZrAunw0KeXDRvpNLSVjprsdx0nRKDp2f3WcFL4kTnM=":{"valueMac":{"type":"Buffer","data":"O644ltC5e694TbfyXUFDlM1yeGeAS37rAW5v9YO6Pek="}},"Jhgb0xNT1iXc10A7qJNhh3jy6b3KP/YyR/NE7gnUSec=":{"valueMac":{"type":"Buffer","data":"MN5ujW7okwPbuna7o12Ozhnw2RrD+qh65bUfQlr37kM="}},"JqYkpq/nQEuOCbzWpXKj1bkqIf2H9Yh2DAwgNLNcwxQ=":{"valueMac":{"type":"Buffer","data":"MtZOfgyrm21IaKWVY9ZQ/m7k+QVBH3OSyuPCIa7KjFY="}},"KK3KkxphsrqIOxWdAqW5f1eUKJmPnehxy1JSTw7/lwE=":{"valueMac":{"type":"Buffer","data":"LWY0Uk0e7L8Qd+pIW40hxw710Xbqz6ygz0tWNsWWSDs="}},"KrzbuQ2w8a/TysCld+fNKQrhzMnLzg876HjmEedc5k0=":{"valueMac":{"type":"Buffer","data":"7xnX1AyzB1rIiJWSf5TohVE06mBIaLCnmLAuFr9LlSY="}},"KseA0baVIDIaCQq+lMWPdWkrtsGJ5ZeQsn/6qmAuM8M=":{"valueMac":{"type":"Buffer","data":"ENMb5SSOidUABzYKavvG5b82Ss1mlQgIP4pidELSQJ8="}},"K4CR5jmBb7xpEzl9UN/CtJAWij96I7jKq6f2ePqJYq0=":{"valueMac":{"type":"Buffer","data":"T+PLZAyl5rGouEtIbj00srVV+afYHIOtT72nF0wN1TY="}},"LTYS3W52XWWf1ucAvbXRJ0CIQ+vBulwSvIuj7AXJ198=":{"valueMac":{"type":"Buffer","data":"jW/qpcZOTKmVK+0minZ1DJn+4PXY6LCB2f4YMnDJlxY="}},"LyPVR0N47bTUHyzJR4uJO3A6j6K+uEWndrXLZCgPIsI=":{"valueMac":{"type":"Buffer","data":"jCdoMtsNzKRF7RR2CBJqnj32ERC2dJqSJGvfhYyQoLw="}},"MRNz3sHuBgDjqP6E71FzkIO8UFnGnGJa7DmxaPafz0g=":{"valueMac":{"type":"Buffer","data":"9NnNOSf1nskNUZPY1ywFQMaEm+eGoG8Ze84D0zhSksM="}},"MReSv4fjPfv+6hW7Gy3tgdC3QTYxkcK+4TlTPbc9itM=":{"valueMac":{"type":"Buffer","data":"8G/bHwadFZ41j6Lc5BX4w/mOCa/kE3FjRRVp83vX1Ug="}},"MUIHsGMd3sBug3poVKsOcnGkvl9aumcKsCtex3wkgBk=":{"valueMac":{"type":"Buffer","data":"Trn3kvxlSNfAXWwSN7lj6Pn+VqdkjLv//OlU6txpWok="}},"MUhyhi+Y3dKhXfxRhmmNbLewxSfguWa+v06Xs2+lVkA=":{"valueMac":{"type":"Buffer","data":"IACkDX9LnswbGmhYE5KwWZJfyRCJo2kQdyd9w+NA7TQ="}},"N7XOAhL2a1NK88TAQcl9TvGvIlhgLrrwGAwWrRuQf2Y=":{"valueMac":{"type":"Buffer","data":"6LPwl0gIs9+d2zmfupDUbZOuswwZi2ATWGDt+5T8EWU="}},"N/NGUVfxOmpbmrppbSaPPv0TYXYQ/K01YDNumxlPnQE=":{"valueMac":{"type":"Buffer","data":"m5elzPKzklwt2K+vrQ03iCt8mbKM3giEuJMkeD+dR/8="}},"OA3ZELVsUTEILX54f4JXV+6qFg5jVHgrSLY2wgqCTNQ=":{"valueMac":{"type":"Buffer","data":"jdZVbbGAhvA/3SHgAzlcmfgrY46BNNaUCOqATM/ukc0="}},"OBNJOz3DQ3ttvyCr/LISPQWxJ5PxDp/plOvH6nStkzc=":{"valueMac":{"type":"Buffer","data":"5xzkV2/hlzXpq1aAcN5qAOOUaLo1Wq9bUutBFZjdwfE="}},"OHj8JhXEPn+FVrxAoaSEH5RiAQQeOMUWrzGzBD6CHY8=":{"valueMac":{"type":"Buffer","data":"l2BbPrCcZnc9WsyOLCXCXXYle44aR/or+lgDGfjyAVU="}},"OrReFVPepw7Drm6Mlr9OQqMQE4aYCJineAyJwFE+mZc=":{"valueMac":{"type":"Buffer","data":"EDSbSu/VCplLk5wi9QtoXSxlNrxH9oKyq+LRv34h1XM="}},"O8bUCSuVNKPmbju1ST+ylYXAjjBCPRazgUWPXKobFkg=":{"valueMac":{"type":"Buffer","data":"+J2X10H2/C0+jr7FLKLaIgjl1F5FfxJRKrQyyuyWX04="}},"PWfPCFxKJYh2XlhVQ2CDuGvfVarg9q2Rm9Xilt5YA3c=":{"valueMac":{"type":"Buffer","data":"YoBzUIl7CWZbKRUUbIHCbGGkYuSuD19LV/7dcP0Awko="}},"Pe17A1WTx4zClzhrhwpfiMh74dsC+osixkGcSvnsaOY=":{"valueMac":{"type":"Buffer","data":"k24elwh8Mk77xfr6/7LfmpO/f8EOhzNhbJgSsD7GvW0="}},"ProWRFQd+WKvi20o1BuGXanCFBoi7n6A1fUbrOHEoI4=":{"valueMac":{"type":"Buffer","data":"xQ2TT+VW/+h6EZYo+6J/Tsfodyuf4LG0sYrrSCIYiKA="}},"P5Xz3/Bkdm+AkIw1cPkpQ37kh/85uK3PO0HHh8AVmLo=":{"valueMac":{"type":"Buffer","data":"c9UDxRfo8E9sDHBipnKJDAFQUqcxqM/7J8dNmvIVxgA="}},"QTnfBSFEBiYWYGjS1gr6Ghs+ilbt3S2Cbhmji3DEAUQ=":{"valueMac":{"type":"Buffer","data":"uu18QIdMejI1l6qUmXP5iUEgQ/uCDPIeBm3lT1N6WIY="}},"QswqdzDppP11kBk4kTfmCzcFGNPzhDvjsmuXPJ4FjMw=":{"valueMac":{"type":"Buffer","data":"QLbPJYOHK4rr37mvQ9fH85vs69GJEgrHEmVtymyl0kc="}},"QwZRd0az1G3BZnThp3/oIcqhIY6M5jvPKArA7FMTHxU=":{"valueMac":{"type":"Buffer","data":"ch9GZhwkgWQTigB8p3zQNB6XE8tX8MSkSGW5FFVI+H8="}},"SUXEJ5NpWxxsSs1D4cxbMaLTe39cn63ZFm/YoF3y7iU=":{"valueMac":{"type":"Buffer","data":"e+92En9CiTb+DGlqsfGOZIWRN7+sw22II8jnP5qpaJM="}},"TJgvvaZKUSl3kB90ZZrvrae5+zoU1GuXy5J2roiSUKo=":{"valueMac":{"type":"Buffer","data":"4Gv3t8+cit9vX6D5IuCnkEYNj6c06qDls6EmufTTKyE="}},"Tz7sp9ZU1tTa8NKHeFdmq5pEBObizQ5O4vYudoddyeA=":{"valueMac":{"type":"Buffer","data":"YQL/u0amQD5zlshv09lGXS9WRgxc7+lfPUO9/5eo5Xw="}},"Uo5DphY0bwerYAF9H3LLxCWpDW8TybVR9541FrkxC7E=":{"valueMac":{"type":"Buffer","data":"rC97+yskRE16SKpMbagVnkaXx5o2wUSvPPs/wCn9f6k="}},"VRKPOKH4QC4n8Ul7C0D0o92guCuyMH1mE1y/dqDj45w=":{"valueMac":{"type":"Buffer","data":"FLvdMX8DQPUVraKinuDekqYsDsgjgHzf4QdwCx13eUI="}},"Vpx9/PIy+TtFEyZJBYJH7zcEaZJ+QQ9Whs9gGVbWZX8=":{"valueMac":{"type":"Buffer","data":"qEuK2oTkh0Etkijvkrh6RDlHkpUF5fZjSnidGEpGuWY="}},"V2PVzLGvtTxrrwpYjlgSBm2Ec9G5eaVJam3Tb+iALww=":{"valueMac":{"type":"Buffer","data":"DVEOWYLjTu3P4UmYEWLU0tCt9Qz2KlLBRypKDTXesYc="}},"WQgmp+KNCSFE4/v4eYggKEvWVFU74QW7qnpBEaFKmOs=":{"valueMac":{"type":"Buffer","data":"CgV3iYYYX4apo9BPXTAdRrHkouN8bQaC2WCrtosYvzQ="}},"WUVTHPNIOGTxwVDvUewmu7mgfbxhvc8rYKtESpOsnmQ=":{"valueMac":{"type":"Buffer","data":"NYk5Z0puFcfn+oXTOGBOjLXeukRzrIZlMvT9DYT6fJM="}},"WeNLcbV0bdq26JrNvB/q4fK7gYGEyhjt9d3cHzYQo9Q=":{"valueMac":{"type":"Buffer","data":"BavvZt2dagUI+JgczdJHBYceZLN8qVtWwYqmoMTJLh0="}},"XISHgsKB4/GlKQ1ODf3ee+ilPp8Pe/vQgdGpLEW0aSA=":{"valueMac":{"type":"Buffer","data":"mT21AYogtIb5D4PB8fnydwh7WZGqtyw1jGFsAJRMGIY="}},"XNBQo/2yMmJtHXApi2kq60w6Tr4P6ctPNRwBOXn4rrA=":{"valueMac":{"type":"Buffer","data":"yMY+QwqD7WfoW5LZy7GTo2sGZUPnK1wwuFKiPcsTGII="}},"Xf+mWhtJjKdebuYiaeEmBKuoHfrLYrVfO2PU4yCUvBc=":{"valueMac":{"type":"Buffer","data":"53aCPoX/rUO/127xLAyWz5y9S+o2Po6uvtS3z2mciOc="}},"X7Mvy4J+gCPJo89ZIxnabcWMiSAFNodMrBYb6N4dXq0=":{"valueMac":{"type":"Buffer","data":"ljRJIsAzhS79yQupCQvHlxrA/57nXJQmPUYBNjcQACg="}},"ZCqVG9TWgXH2SJmvoG5zLccCbMNu/IJjdGxszqMPMS0=":{"valueMac":{"type":"Buffer","data":"TjfT55ugML04PoNJvOls33xiw4G7MGwowG4GZlAQkvQ="}},"ZDkvil2dJcm4Lu0grs+rWhsgy2VoOuevB3gfSn+XJMo=":{"valueMac":{"type":"Buffer","data":"Gznp3WbdnTd3xvNFhV8h54X0r5HJ4txBwUpGBEvSmNs="}},"ZJ3s2mWSpUBAXyETX74ROx5xOKP3yYGRglyyUUO9Y8k=":{"valueMac":{"type":"Buffer","data":"BHdTnVCU+8NAkZ5d8ws1f8NFsirkJxPBztNdcHdkDQk="}},"Z/rJGDoEv98r9IKP69VQs7PqpSMYEmAF/Ton7peQ30I=":{"valueMac":{"type":"Buffer","data":"SBQ4mawnbdF6//+IHG+GwB3Eyo9kRDnHiar/sOjyJoA="}},"aZzYoow3qFr+IqflilfI+i4yeZh/Ar2kU9fw2JgvAIY=":{"valueMac":{"type":"Buffer","data":"9FmsYu1FztraakmhU8P5pC9YAN858rADrSBoh6xPSd4="}},"ai0KPcOocnEHwdTushwjJPQp048+4l1szrvDAby+sTw=":{"valueMac":{"type":"Buffer","data":"KHdQxGYw2Nlfd5s71wjmI9MhB9ywUkC4ufxNU8Miv6Q="}},"a5e5F4pPhNUXlllN5tNQCbizJSESKBm3HCFuz3WYpN8=":{"valueMac":{"type":"Buffer","data":"Q7ZWXBSDgS/ciJn9y4nWppc3NdTvDIlpCsI1X44QHBU="}},"bISv+Qo9+Av/Yk7BxFmEzurSXBZXfmP5GGepH5uxzQI=":{"valueMac":{"type":"Buffer","data":"8Cxf2YkXxBtt+7M5OuYk8pkeTRikvlmKAH95HiW74Dk="}},"bt9QsLJvx975zLcgrqNhS97Vca71mVDns+6nrSpYXPw=":{"valueMac":{"type":"Buffer","data":"L00XYG7Yd1m7qP5BTDuQJIuSKPrlRJskVs6J9daVWHA="}},"byWNNZwaqgBnUs2XB8v1pl9IAAJz9FwkTEKtuXXWp0Q=":{"valueMac":{"type":"Buffer","data":"zdr8j19ZjZspxp8UPMfCkUcZpc0sbJmGYxacjtWnYrI="}},"cod0VOnc7jtPMOWMId6/6AL5XvNr3Je4bnUy9tHJ6IQ=":{"valueMac":{"type":"Buffer","data":"g7yiJoaopWJIh4MRPQKNIJVrzEUswTZUgB57ph4nK50="}},"c5xcrneSEw1DyVR1dwrYxR4OXahKE06Dv0P7EDmsWCQ=":{"valueMac":{"type":"Buffer","data":"VTKnv1xWXGXfcuG9r/9J7pPcFgQvQOe4bp9+WfN3fC0="}},"dSktBq6aaMShnOegCS9shqtodVy2s/HpUzNwsE9cC+k=":{"valueMac":{"type":"Buffer","data":"pH6lrbfTuFrmsnLYk/Y7Z4/0LrLbvuMmzDVzztUJlsk="}},"d5JBis8ADmH6VXZCWtKP7cFTjSn8UgEaxk64eUuKNtI=":{"valueMac":{"type":"Buffer","data":"zQJz4YmoKvJtxvEinmve9ljFR0gOyvuTv4BJlrSqF7E="}},"eRAL5R0a8108V6954lRUtZwGwqIAC+a6H8h7rQhiGiM=":{"valueMac":{"type":"Buffer","data":"wInRQmsTscixABQNml1vS56TBXamFkU5uL2tMxGC7EU="}},"eUUJCmX/rooJ6BwEQYWpdO2zN6/JaWLqACC9Cu3qTYw=":{"valueMac":{"type":"Buffer","data":"ptNGb5KzlF0b8MToFslwBP3S9lO+A/uvfxgEy6iEY40="}},"f03pgYhhI1vd7gsNPlP+19L40Xwatd/eORapBvK0PD0=":{"valueMac":{"type":"Buffer","data":"aIcTDhhdkmv8f0uDmX6bvMNLKpAqTVkKZqGun5qG2+o="}},"gIGjJEyIoaeKHVBGGkD2LcoHBeBwr3p+qbsBfRD4sf0=":{"valueMac":{"type":"Buffer","data":"1O8iodOazJn083QOOxo31WcFh3/QqmKhht9cgC1xnYo="}},"hEU3oJpVxZ6KRfvr0jwQVQx/jCEkt3hqpbzLGE7O6W8=":{"valueMac":{"type":"Buffer","data":"8RYnY/B4MagBqLQYfBCHMxP5svHwUQ4qLyy1slMaJH0="}},"hI7HRX6G2X0xH+dsBZePjYMeW31/0xWO/AHzyGjHvtk=":{"valueMac":{"type":"Buffer","data":"SWR2FH2i+y2xdfwWyyA8du/3lFObsrmgTW1//S7acVI="}},"hV9CxnVv8nIsTWHGqd7+fQu4ogyjuPmN6Ma/gizDOIE=":{"valueMac":{"type":"Buffer","data":"f8NkYF7FBaoZobTnDOSd6iBQnBWBamspHQsEXozK6bw="}},"j+AGSpnXyHxyBABpT2mRWfriXNCy/z6Ebh3poEti/40=":{"valueMac":{"type":"Buffer","data":"gU+2L2ZGrSLb2B071GGpebe29iHkiwbSISMBKcBYNcQ="}},"k+U//r0GAvSQi0MnIA2dHKiQ4HmE0BAv2HYDxlre1/4=":{"valueMac":{"type":"Buffer","data":"Aw6BPwyQ04EKPpC8UXNfjVeLxiGaDpfyTIcpAmrV0i8="}},"lmvd+b2UP/scVNtKj+UFIW0v9Y418KPKfZy2qV8qTAk=":{"valueMac":{"type":"Buffer","data":"XGJuI1rNX12IoYDRG88PbRtJCIPZqNTGP6MyBb0sAA0="}},"ln3r5o/MVh3AFzvpoSZ6tpjnhLmNSl1a+UuT5iUXz/w=":{"valueMac":{"type":"Buffer","data":"MvoEvos2p1A92H7hp+LMqKTPsNg9tE95JG0an5fNedQ="}},"mCft6OJbt0djd22HVkRkYTiOnsGajxoUgC/jtUIx0IQ=":{"valueMac":{"type":"Buffer","data":"cW4ZQp2mhyt3ulcsmE5L5OSrfwBXdLhNu62ROM+2+FI="}},"mFHLyJ8QTDA/jIw57TAARjUXKH5Ys9Y8L4dn7nnzmfI=":{"valueMac":{"type":"Buffer","data":"mY86QuvKJ593lycc+Qk3atyUdQZA8SRlrkOJdxFztHM="}},"mHVCUdD8B2C5ksclOvTSOjtMCSpgHQ7lTkGbKx1RhTk=":{"valueMac":{"type":"Buffer","data":"i27EJji8JCG+F5IL81aJeqmkhdstUGY6C0OZZs/W+ZI="}},"mwv2xHnY6a+unfJwEy8jyFv83v07ifoRo2rf12nmyYU=":{"valueMac":{"type":"Buffer","data":"kH9HRDyi/3ioKSkLRy434kCp92up184ATajaOVX31MI="}},"nrF7d6zh+UkfJynKDU/kExhFqC+6lKa8V7icHEAC2ig=":{"valueMac":{"type":"Buffer","data":"B97MdavRWRrPR5M0+OWMuJlp+s1uMveAl+ri4DEkGhY="}},"oPnlK2CuoId7g/JmajD7v2dc2Xb7rRdutaykm2aczQc=":{"valueMac":{"type":"Buffer","data":"zupAnlKrZbsBVG5y3tG4CaNxLyFz/AD0+tqh/8JrY5c="}},"ownaUu/teNI9SePCfy9lIxAbxURm7ocqsjFwJ99zSbU=":{"valueMac":{"type":"Buffer","data":"MJnHUvlpRPVO21JFoHgUL1qHACFfhXor14lgxvh7mvY="}},"oxOr13pE5sr9dgHk793SA4eS+nmcC8gEd8ChW95pk2Y=":{"valueMac":{"type":"Buffer","data":"k4ikLkYcQGA5QPaGgQjtxW00Dd+fzgVGgchaJc8NFYw="}},"o/vuslggMoSB9jZEHSpO39DxRL84X8FJcgxAcV4kkuM=":{"valueMac":{"type":"Buffer","data":"mIgsvdUxFGN9A+9chvWQjTbPXEhj/jbWfKf8qY0Iajw="}},"pSpsajkq7NeUOr8e5rS13+DhlpC4SLftBLk1ds8xx6g=":{"valueMac":{"type":"Buffer","data":"PmkixZsRqmOgWlwUBiKiV9WVAk2JRlpRgSCQqLEPX1Y="}},"qm/oHEWjhphMWm0xMCDLuf2T81E6EiQfS+uwDj6m2/w=":{"valueMac":{"type":"Buffer","data":"XLMa6+byq/VCWRQ0oMV5LYoM8HxDNQJ0iyOdxD9H9KU="}},"q20bex53Vj4NjGXU0bDO/zqzLO7rAct38GfvHby9nP4=":{"valueMac":{"type":"Buffer","data":"AxRRH2HmWCvGStdtCNf3c9B7M6AIhW4jw3aC6KFl4Z8="}},"q95DtLzCfFtiGB3gTyF0+vB9RlTGj9mvhRFPGNl8qOI=":{"valueMac":{"type":"Buffer","data":"26ofgMCEnM+LR1ebHSIQ3f52g2XMQF/h9gWwvSj/phQ="}},"sOKUP2UTFn76bu0Q+BtMR3o+hGF3+fLb6lWtAcyHu7Q=":{"valueMac":{"type":"Buffer","data":"+iLYD8kiMXIut7EfXA8UTFU7uKj60NwaFErXN5GN7zw="}},"slJ6yF9QMzeO56AjGhLPXVX6bTzP8GJcqzjggivmiuU=":{"valueMac":{"type":"Buffer","data":"7O4b+76VrEpVQkZ8/OC6adWBvU8X+ggGOp+PJtezCDQ="}},"tEDeS/Kwe/u2uoksaBGl4D8icGhIG9hLC2eE8BoUgn8=":{"valueMac":{"type":"Buffer","data":"ione2bJ9tMcjQBGUECFN0J5VjvLA9vj4781uI6XMFWw="}},"toDaqoUNva3Bz3XysuUTrD+DmHCzFSEWMcADul6rGoE=":{"valueMac":{"type":"Buffer","data":"Ax8hGhQUDTMFXXsKTqO4axPVhvw/7izklPk7DSVDHYo="}},"ub1jTxu7c0l7kjEsFl3MyBNsYzRUvbPgDy7rzWgJfz8=":{"valueMac":{"type":"Buffer","data":"ZwlzhO8tf8saTuzaGsGpsrmkY9zqnodaW8UB8hwq68U="}},"uvref2z+mGo2/aj8XJDNVNSyrETJUQAvR6okCIDEigs=":{"valueMac":{"type":"Buffer","data":"u2wtNw79R7Hstd2MU7jiPWgkADfkkybOjayiwkHp87M="}},"u4TqyKE5p2s147ZpTGeUG0l89VcqDdXTxi4P/j4TOKY=":{"valueMac":{"type":"Buffer","data":"H1YGFxxoEaJv0vnqRp36Bdn5+iiY4AR0OB/b9ekJMAo="}},"wZiuLZOj5GC4dgSF9bl3lRX1E1f2e9Sllubd7q24Q+M=":{"valueMac":{"type":"Buffer","data":"nt7KMxqQ+zQ5oS5wL3C1C93hG34bGqcXJB1SARj6aLk="}},"wmKx8ozN4QcWwm0y1G8IBZMjPz+VJ0a4Ye6wUxdSacQ=":{"valueMac":{"type":"Buffer","data":"hI+JSMjQSTly3CM0WMHEtK/V0PZeDAPtgX9hOKHdFjo="}},"wpiRKpj8uYTw7Ekx1h//ikR0vA4eV42oJKobeCYhyRk=":{"valueMac":{"type":"Buffer","data":"MYixrnTuJ+RhLPQUwbHBTNDbZtfteYSh9QbADoOMNHA="}},"xbjf83IEh/AUBDgBUmNqFgcsC0jwNJxDtSrfiw7TtyQ=":{"valueMac":{"type":"Buffer","data":"g079uAYo5VnM1N5gn/lEX+EMdrAN62BfFjRfPl7TfYg="}},"x/KEg21Bk3VV3HJ7eo1xdms/6F8aXz2e9VttJj0F2ys=":{"valueMac":{"type":"Buffer","data":"PwXP2J4oBagToruzznwA5iaxMrr8bp8/JBBNMgwtY8s="}},"yF3Ir/wLT+bQAF+cGafO7Suu6jWwHMLR+uZu52capJo=":{"valueMac":{"type":"Buffer","data":"jNFy8OZ4p9Qdo5EaeURgdbpCYloouZSamUzUR3n/wyg="}},"yLMl8Lq1gZcGsMRCiltIbEHDo7YGF0nEGMGlLE5vUXs=":{"valueMac":{"type":"Buffer","data":"kzj1OJlLmQzzIs6h2mSBYuZGG8z4zyqzN+VPxho/NCI="}},"ycdbLHwodq9cyqIUQllIBFw5n4FC8Q68C6fEeV9ExFQ=":{"valueMac":{"type":"Buffer","data":"6VtVzaK4KrCqYQQrvDYQXpyVGngk8jtrYNV6DjxnfHE="}},"yuGq/qBpu2dsVZh7wshWpLScggFlHa1UgiCR2eEeoXk=":{"valueMac":{"type":"Buffer","data":"NSYEKxr/ovnEdQ5BnjO3BYyk6BaH6jMoM7QjzMJhyIE="}},"yyhqYw+3VYFt9RdiD/j0sjH4B+HEUiUIU9tYNiOsxlg=":{"valueMac":{"type":"Buffer","data":"XfQpUjJqBtaR48aKAvyr7LDIANOrgrG92dY8CQOlDC0="}},"zBt4ha5eyyAjmR5FvngwcLA6uzynx05fPcfXXt2ZBv0=":{"valueMac":{"type":"Buffer","data":"zhYIK3cgWkWn5JNyhgvEdtnnzVEHboo4fY0IZD8P3Vg="}},"zJv/fKyqTYSt9QlOlnkAs41ywySNldCYhSQ1wQsqMiQ=":{"valueMac":{"type":"Buffer","data":"RTsOlu9S1dA4P574Fb314pKPLFanPOhx8XRcN8die6w="}},"0IWM1GraPOgYL7L6oOFOiSeupepDh/wWcRTLBPOuBBI=":{"valueMac":{"type":"Buffer","data":"wapPIsKYH1PPVjhJVYTDtwA2g7fAPoZndV/ctJM7ECA="}},"0Z0lZHNp9nSoGr8h7usI7RkCUjnpkvSNj5/VQsTu2us=":{"valueMac":{"type":"Buffer","data":"oClbGL4Roqy/9YCaE23bdKa8W3FZUBQj6sbYr7gVy7c="}},"0i5Ktx1Lg3GNaPGO2iEjEtRbPIOoXqQ8WrkTmJYtriA=":{"valueMac":{"type":"Buffer","data":"pEIKEzR02sWSHM4yJeEJJVjU4q6cWJ8tJi++5D8iqfs="}},"1HrCc5ZUHOECVl+cW/ENdZ/Yi5kL0QfWjkNRbVwDuJM=":{"valueMac":{"type":"Buffer","data":"3r6YFHzo4mI90LNOMlK9q8zw85FLRKE/SFabDWsbkxw="}},"1VcwlKZZLOuQOXVWnaOCfSOtyi5hsuJpwrxe6HBqGUI=":{"valueMac":{"type":"Buffer","data":"1mxejIXVdGwtC9tJDFZImMFLzDPDpKh6eGkxoDUaJkk="}},"2ZjFvLs4Dbcq55KjBznJUkQ4jZRFi93s2O2c7C0WkK0=":{"valueMac":{"type":"Buffer","data":"uAWkbogehPT4L1uTmX5VKG6bbI1ULCKrI388EcUPP+s="}},"3J0OOjBW9HBlvSoALp940QQ718PGmaDamhnfO+VUvxY=":{"valueMac":{"type":"Buffer","data":"gcbjqsCIazEW5hDF7gV/bD71puIcl1S3yfXZP5ls6vw="}},"3PjC8YU6CBydE0GtwHj7rwl608Ltk0vkfhj1FeZjNTI=":{"valueMac":{"type":"Buffer","data":"8Sy5eC/volB0GLdrhJx9pvyRlpHum5wW+s/JULXgZko="}},"3Y71FGAnY1T+OcsjJu9izsK23wIaGu77qSgM8883pSA=":{"valueMac":{"type":"Buffer","data":"S09o5SPsIr9H+YLoT3ZPKaFUTXJraWKQWtt4BFI7ElI="}},"4MhRJuWeU9qAZPX90AOt0AhizzvaF8qSZBRITwMHzuo=":{"valueMac":{"type":"Buffer","data":"NhE4raoil7cji/ODe6wcIXFkkoZl4QLODWwB/3Oyl7c="}},"4hIE92pwM0RMDzkExRB0A7QIZu+IrvoCIyGi/hOc6L8=":{"valueMac":{"type":"Buffer","data":"iM2PeseDMRbxc1NlqjWG6KBwSKR3IaL3bo2EMcdZyLo="}},"6A/toKlqud3iBdehdn8/e3sFs+lgISKEK33vcl1YF/0=":{"valueMac":{"type":"Buffer","data":"mZivJSZ9O2jzi+7HQH3PDbGCVeyPqcHAiCK8xLBCPNw="}},"6/x2y2C5+BPok4i09OxzMEt/Qs0xsj6VXqbye947554=":{"valueMac":{"type":"Buffer","data":"ROSDhxlyUfxN/8GPN1R8eUtCdduvOiZeS5rQYzQng20="}},"7opquViF8iJcRfz9z7g+LKLcn+qc3lNGrsfeABsoA24=":{"valueMac":{"type":"Buffer","data":"8UPqXWyX9JKZyN7l2GbjInT/SjKuLZgsyrRUYJxLzCc="}},"8lhy2Pr/X9OHvnZAUVoEgb6uraT4ykh/pmiQAMYCRKk=":{"valueMac":{"type":"Buffer","data":"1idCREIPKTNdujvzZ1Db+XOHZ0DApLNyk8on5+HQcZs="}},"8pcCGQazvzt9lX8ZRgXeOQ3mefppGGLZxC61Lk8HNPs=":{"valueMac":{"type":"Buffer","data":"+0//0Yz64irihENUVc0Gf39b7k0fqDW9UcSKRBEjGos="}},"8qCIOcLOmiCYcOrNFwEkAaEiJIjRgkj+6X2wW+EPMwk=":{"valueMac":{"type":"Buffer","data":"xF17NGW1wlqwKdKoMX7ZqvXyqRPIyYi/AFqHbrgVHNU="}},"97+NJ44atDZhVaMmn2FA7KowyUcSEb9t5x6fUtua4vo=":{"valueMac":{"type":"Buffer","data":"vH8wnX39mX0cA7qMpmHc+RvbakhzqmOmEUAd1ffceck="}},"+e20IaRTW2k/749TKe/05aQx8ayz+5n7MfbPODrvFZA=":{"valueMac":{"type":"Buffer","data":"hbFTSsKB+U3MWR0XoSd5vR68NiFiWRMzU9CT2AiQ/PQ="}},"/cUzWOPX0Eswqyt7YREgWN/lKkmEuscMzaLMidXs2Bw=":{"valueMac":{"type":"Buffer","data":"6TSwLXD6vZPSOxaSQUNuzdhjQHuzQV5wW4DxLRhTQDI="}},"/tlfCCuCLvlMw6qfAd1ZHXV6+N6LKXzBGujnvzQtb9c=":{"valueMac":{"type":"Buffer","data":"ZzD9PMyxQGwc9EzweiW73jFT68oHy8sTBLvqVGnI+Jc="}},"/6gN2aVi5PsBg1H1irfeqIuFc0rZLKcvdugItVARKs4=":{"valueMac":{"type":"Buffer","data":"YewcD1sGYcDHeW3zkWCYlmIfiekJg8/i3L3tjaC9dOU="}},"/6w1vk4hxyUsdco5y4qWQVoLoQb0i/BdQDvM5iAqAgU=":{"valueMac":{"type":"Buffer","data":"/dsViUSuEtpY56mrgzK24Jm9QfF73rND18L7nbTsQqI="}},"d1zhzJEXObF9CwktqYqLZSwayX7iLew6Rn4SwyNW7CQ=":{"valueMac":{"type":"Buffer","data":"SVtOEr6h3qwpZpHxu5/4Ag1ZLeqWnbmg9Yrdxg5mdlE="}},"G1LGhOs1zmHPLIctc6PgMckuHIxIDAZIX8QTMqM41WI=":{"valueMac":{"type":"Buffer","data":"QCD45nwMFjUhpgwr0iTCi0QFdqDYTaMVm2Cl+XUdYbg="}},"JLy1lgq9JtT4RJ/cur7CplcQ8NqBeONXFD5yqkUpWds=":{"valueMac":{"type":"Buffer","data":"9ZgKx0CT9ECPXxzybYIyBjh8y8JJe+aV7bMdHSJUMRQ="}},"bU4bZzszjXqvoFvFt70xnjONNq0sg/Slujz05faMA2g=":{"valueMac":{"type":"Buffer","data":"A0ADXRLjnE4txg2lTTkp0vk1gEyZk0nQU2ngSVFNkAE="}},"z599F6nylG4rxGMsuMc9lgfq24JcjO0YCknsr2TfWzs=":{"valueMac":{"type":"Buffer","data":"5PhbNcO9D9tGMFu3ko58w+atAN1FV4Jkg/+MRni345I="}},"SaFKSyGB3k5+ald6c+nkHCbO/w3695mrQUipBBgO3Xk=":{"valueMac":{"type":"Buffer","data":"7Km8UPGH59lV9DaBLuqKx5ovN6EE0I3EsoB3duTTLUg="}},"upi41FsP6JCMtjBDFr8hZgQ5EdTlqGZArAhz0U8SmcA=":{"valueMac":{"type":"Buffer","data":"KaU69Xay4B3Zr/IgxyrIxx0LPeYKTbU/2D4qIx47Fg8="}}}}