{"noiseKey":{"private":{"type":"Buffer","data":"8Oq2IszvNe6EXwLiifwDLYY0DHb8UbL2PQu1CThiLnA="},"public":{"type":"Buffer","data":"JgoHbOE6pMnXujJTB2bfF537DZ2ticIdPWonP0278Sg="}},"pairingEphemeralKeyPair":{"private":{"type":"Buffer","data":"IBxDi1Am62qnIBB4ctKGSFubHaDtxmt6PN/A9sFctlo="},"public":{"type":"Buffer","data":"V5NEJtQG44RfPqwve7cJt7PAZH/BDXqP/FcOX8hDsRI="}},"signedIdentityKey":{"private":{"type":"Buffer","data":"QHHQjaBEfMbFUgjv7u4rcqql1KfCmfvxWVEp9mkwYFo="},"public":{"type":"Buffer","data":"0KiuCNCAU5O2cVw4FJaUqxZh/9iqPaMULgrzCMoNVVw="}},"signedPreKey":{"keyPair":{"private":{"type":"Buffer","data":"8P68Koq0t8I1wWGFRNiyuaDUB2P0fHj2kOFwDnJksFQ="},"public":{"type":"Buffer","data":"yfY6bB12/D2MvIN1bbjT326nJgkzQ37slacpnz7lvWA="}},"signature":{"type":"Buffer","data":"aJ5eq7AeWLZv8lyQk0FDfOpKB3mgr/muwBSUV+O1+9ug3z51T5GqXL15qHpizfgKKMtihrmvUKSLYnAg6kuwCw=="},"keyId":1},"registrationId":127,"advSecretKey":"y1rERF2G2Nr+4lpxyoCGPMSzMrj5GK3BqFVsIK+Mio8=","processedHistoryMessages":[],"nextPreKeyId":31,"firstUnuploadedPreKeyId":31,"accountSyncCounter":0,"accountSettings":{"unarchiveChats":false},"registered":false,"account":{"details":"CMGB38MFEMPws8cGGAQgACgA","accountSignatureKey":"uqmVsrLy4gjrPKfq9QWdaK1epd5ssJBiDAQCVJIrjms=","accountSignature":"CO50VdsDolfF3fHhZ0AET/uzfu3E9OVgrFuSpOMY49xZ5Ou7R2a9gAlFvG1CgKHrMuSv7yWR8nES2axy9jL5Aw==","deviceSignature":"nmj7F7MV1qWlk59rh5olf9uB5Kbd7ILqz4Zhucv6MuNBAyrgYxLN1dRg9N2pwn38eWDGUUYgdKvnzvDcxlU4CA=="},"me":{"id":"6288975147551:80@s.whatsapp.net","lid":"142189220872199:80@lid","name":";:;:"},"signalIdentities":[{"identifier":{"name":"6288975147551:80@s.whatsapp.net","deviceId":0},"identifierKey":{"type":"Buffer","data":"BbqplbKy8uII6zyn6vUFnWitXqXebLCQYgwEAlSSK45r"}}],"platform":"android","routingInfo":{"type":"Buffer","data":"CAUICA=="},"lastAccountSyncTimestamp":1760360656,"lastPropHash":"1K4hH4","myAppStateKeyId":"AE0AADaP"}