{"_sessions":{"BVo9cm8Sj0o35u8LkWJI0pclt9pCzw8sUiZzsC/OathN":{"registrationId":1907079139,"currentRatchet":{"ephemeralKeyPair":{"pubKey":"BancPqyLbSV3LuWmvB7kCZlxle0XirRcHU3rgQdLOWQK","privKey":"gLQVhcMouFpUH7lInkVKQ+gAM4m2RHn9hgaqPea3jUw="},"lastRemoteEphemeralKey":"BdC791FEe6JA/eGk7PWZgBKTnAV/9C23Al6m26Budj8L","previousCounter":106,"rootKey":"cAxJE1DzDOn0d3GPt3Ht5FiCvsGfq7WpCS1rKPwXZtA="},"indexInfo":{"baseKey":"BVo9cm8Sj0o35u8LkWJI0pclt9pCzw8sUiZzsC/OathN","baseKeyType":1,"closed":-1,"used":1760393168735,"created":1760361494775,"remoteIdentityKey":"BVudwn+QdRKTK7kY3OFNQP22zRUu6fbGYsNTERxv5Nwz"},"_chains":{"BR7o5B6kjYWmG8BJ1SNKBIvKeN2Nq+ID4K4lH2rvWmV6":{"chainKey":{"counter":0},"chainType":2,"messageKeys":{}},"BTxggbuziBR4ejD+yoVB/oUwjAtQmba0BWp+ERWTgWF8":{"chainKey":{"counter":0},"chainType":2,"messageKeys":{}},"BbCABwgCaoXjrgeVyrYQq2xAxTkUVeZ+Kg6frAT6M40N":{"chainKey":{"counter":0},"chainType":2,"messageKeys":{}},"Bebw4kFcVejj3EVG2QR9PsbzAYbYwbRXM75R/peHGMgu":{"chainKey":{"counter":0},"chainType":2,"messageKeys":{}},"BRf+HmFgGA7EvD10hDBSIVHvVOilYYU0iFWzPjmAAIYl":{"chainKey":{"counter":0},"chainType":2,"messageKeys":{}},"BZiE7WRNF2+2pOlrTCW3dC1WbigJh+HQ8VxbC98KrgFy":{"chainKey":{"counter":0},"chainType":2,"messageKeys":{}},"BWJ0Ja78/3bP1t2P//HhaXjiaOSK9nB9WhyyEq0L3jJS":{"chainKey":{"counter":0},"chainType":2,"messageKeys":{}},"BdC791FEe6JA/eGk7PWZgBKTnAV/9C23Al6m26Budj8L":{"chainKey":{"counter":0,"key":"GmTu15CtvNk6oqZyv3mLTfChxtFx+f86CM50CL8XPe0="},"chainType":2,"messageKeys":{}},"BancPqyLbSV3LuWmvB7kCZlxle0XirRcHU3rgQdLOWQK":{"chainKey":{"counter":-1,"key":"NRklT7b+OwbPqorl3bKC2c18ID2Y4HFNRSIuN8LJrN8="},"chainType":1,"messageKeys":{}}}}},"version":"v1"}