{"_sessions":{"BZ67qDX5fmZ14YcIZC/CpHL48UspIyqNPGXquhCUicct":{"registrationId":1981458197,"currentRatchet":{"ephemeralKeyPair":{"pubKey":"BZ+PQXAbbB7jd45tZujRxde1xVrlKfh2k4vD65ewvU1u","privKey":"sG7UgLKaSjM3YYJzN/RySfINiS0lDqYx6T4whPpPFl0="},"lastRemoteEphemeralKey":"BWB31KqSuq5PAUI4yQ/l4X9nM58RS6xDJMawSQkMPJgd","previousCounter":67,"rootKey":"wJR8Jy9UPNDEN70Uiab1jhmkynfI+2biMjF8EQj4FVM="},"indexInfo":{"baseKey":"BZ67qDX5fmZ14YcIZC/CpHL48UspIyqNPGXquhCUicct","baseKeyType":2,"closed":-1,"used":1760367736662,"created":1760360679034,"remoteIdentityKey":"BbCU+mA+VQ3YUD1Mka6OFDjww8ASFuZAO3AOTWoenvlt"},"_chains":{"BUiVQwLd336GqFJgIOsPAlC+ZeALKlHLz7q46Bch271u":{"chainKey":{"counter":4},"chainType":2,"messageKeys":{}},"BQ4OsEZQEvt4pQEQbHn8uUFA96d3Q7rPxnPZDJhj4rxe":{"chainKey":{"counter":0},"chainType":2,"messageKeys":{}},"BTT5Xr2IWfheDcwd33txdlFTMiies+yYMNwhYr6wBf0/":{"chainKey":{"counter":1},"chainType":2,"messageKeys":{}},"Bfc1OroYxniE7ctJzEvNTVqW9NnCY9cWWG+TQsR5mh57":{"chainKey":{"counter":1},"chainType":2,"messageKeys":{}},"BWB31KqSuq5PAUI4yQ/l4X9nM58RS6xDJMawSQkMPJgd":{"chainKey":{"counter":0,"key":"aqgEPfrp9GAezWHVdSxem/S2m+Rf6C/gmthpqoTOaIU="},"chainType":2,"messageKeys":{}},"BZ+PQXAbbB7jd45tZujRxde1xVrlKfh2k4vD65ewvU1u":{"chainKey":{"counter":106,"key":"JV0UdMhEPBeq+mu6ksRGWxJYTX7lbxtRigFrm6mmnWA="},"chainType":1,"messageKeys":{}}}}},"version":"v1"}