{"_sessions":{"BRGNV7RxQtAIdps8GSonC07yDD8Wc0fZqnUYafxfqGBT":{"registrationId":47,"currentRatchet":{"ephemeralKeyPair":{"pubKey":"BRUWbt0WCM5K4NQyQ/c522/nVm3138dqiAKzccNYcL89","privKey":"OOVXfT9DMWe48N/6KXdYdBgWwea62T4a3PX/zV9mQFc="},"lastRemoteEphemeralKey":"BSHf5DCudDyiJ8tGBiLmxm3beo5ak+YGlEMcKU+T0OcX","previousCounter":0,"rootKey":"G44Oo0LKRwtq4553eoo2OqoavxZxDmkCfvaEpZF9rek="},"indexInfo":{"baseKey":"BRGNV7RxQtAIdps8GSonC07yDD8Wc0fZqnUYafxfqGBT","baseKeyType":2,"closed":-1,"used":1760393105195,"created":1760360655547,"remoteIdentityKey":"BTrhedSwjqZdybEUoVHflbuM4AYnszL4qW/qgDpVVU1z"},"_chains":{"BX9fTd+EG4gX7u2LPrSduukNnZlywOwvGe1lwvFulqpW":{"chainKey":{"counter":2},"chainType":2,"messageKeys":{}},"BcRZEi7Kr6+/YnHelyeW9kjxky6HATrsf9FLqQ2I1m4+":{"chainKey":{"counter":0},"chainType":2,"messageKeys":{}},"BRUsJMpcCESJjz7nqJ6e3A4pNjC+cLn8dM4dNNGcaEh1":{"chainKey":{"counter":0},"chainType":2,"messageKeys":{}},"BW5cSyuyR6TzGg6wNBK8XoX/lMG1lbRNxlpIbbJ06yk3":{"chainKey":{"counter":0},"chainType":2,"messageKeys":{}},"BWK+QmWhkpp9H73er6hrN7NYcYzEhyFsa7dav584zT1V":{"chainKey":{"counter":0},"chainType":2,"messageKeys":{}},"Bbm2/Dsb7w8LlHLGu+sIubCiQLPMrr53/XagGTHkU8sw":{"chainKey":{"counter":0},"chainType":2,"messageKeys":{}},"BUcUnVQXIs5ZYPopORsxTtRwSuR4ocaEWeKxsD1Qn60o":{"chainKey":{"counter":0},"chainType":2,"messageKeys":{}},"BVcGIJdtm2vUHl3lStf9R2tGfbNr+CTDdtB//z545BNK":{"chainKey":{"counter":0},"chainType":2,"messageKeys":{}},"BXys533V1gFvvP8h8rZ8eF5Tun7I5JJxxXahExblfB5q":{"chainKey":{"counter":0},"chainType":2,"messageKeys":{}},"BZ3pPXjCqcSMvc3g6bGIrMjCBzmfJvMxA9pjvEuFByoq":{"chainKey":{"counter":0},"chainType":2,"messageKeys":{}},"BewofVp2MMtwHlWwHoY/lxDPPnmBH07zNtq4ogkTxNwT":{"chainKey":{"counter":0},"chainType":2,"messageKeys":{}},"BdeDo1A8Hk9Lx3ox5XAD9ogioIfnoitTx0gAE1uxSl8S":{"chainKey":{"counter":0},"chainType":2,"messageKeys":{}},"Ba11Hofnusvf7CA8sHZTFolydunwpp1lXnOeipVH370i":{"chainKey":{"counter":0},"chainType":2,"messageKeys":{}},"BV5BtN62+lM8XYWynFPQWOFpD5YARyi8BD6EmC7dCet2":{"chainKey":{"counter":1},"chainType":2,"messageKeys":{}},"BTFFgjm1GCFfhjrdl25TwquT8aripL2kAEPz869gClEN":{"chainKey":{"counter":1},"chainType":2,"messageKeys":{}},"BbCAv4g3eh0vD6y7mEsrbWVqByGqBUMdlWzrnBNtP2sB":{"chainKey":{"counter":1},"chainType":2,"messageKeys":{}},"BVfAWQqCMKghC9o/WZZ/TzbEjV5x7qcyGOc3+1lJBS4p":{"chainKey":{"counter":1},"chainType":2,"messageKeys":{}},"BZXxB/6Jzyx1yBRNnZO1fur6IaiJFTyXKqO4/kFnQ5VS":{"chainKey":{"counter":1},"chainType":2,"messageKeys":{}},"BXIIQ7fOlyKXuKzdCuYuO5pC/42WiMR7Nr5s6NB2Ns1A":{"chainKey":{"counter":1},"chainType":2,"messageKeys":{}},"BQYLAAwDCovXnNAFm6eTPy5iUF07CAvdWvJmTTsE1d07":{"chainKey":{"counter":1},"chainType":2,"messageKeys":{}},"BZ0kxf8NWXDDLIKPnNZHyi+Qw45RLxQIofDR6wWN+hc5":{"chainKey":{"counter":1},"chainType":2,"messageKeys":{}},"BQi1CB5QYA2knQKHWXTclCDB4XQB5TWmA1PFqYX7drsm":{"chainKey":{"counter":0},"chainType":2,"messageKeys":{}},"BcmRg4ag1+QdcazgkxI+4hsAWh8wjdppCCL0MaYWXgRS":{"chainKey":{"counter":0},"chainType":2,"messageKeys":{}},"BdxoxOkR8qbm52xNsNDAnQGDlWmaCVxQA9z3wGiAE31O":{"chainKey":{"counter":0},"chainType":2,"messageKeys":{}},"BUYesqzYGSymvDovZN1PITpkvpUAwlYuKaKjF/NF4KIt":{"chainKey":{"counter":0},"chainType":2,"messageKeys":{}},"Bc6ZiPg3nxCzfpVapumWACmh6CMLJyoSL2HihBRjwHAm":{"chainKey":{"counter":0},"chainType":2,"messageKeys":{}},"Bb41fqaR8xXryNjTcNz1Eu69Bn3wA43SgnetWRhxWxM+":{"chainKey":{"counter":0},"chainType":2,"messageKeys":{}},"BVRL5Di7TpEBrSd/J7nrEXT7Jps6jBsuKEzhfPGYYioE":{"chainKey":{"counter":0},"chainType":2,"messageKeys":{}},"BcnuEuCOjgxgWX0xa8fU432IMBR379dRvkjFrU31cpR+":{"chainKey":{"counter":0},"chainType":2,"messageKeys":{}},"BRCxdpM8U9UEJLUdSV6yjsmNtW+151TnHDUZRV6cQI9I":{"chainKey":{"counter":0},"chainType":2,"messageKeys":{}},"BZFT/jlULIe7d/cX5Ae40IBpitfU9ABn89BOVmSP9s1P":{"chainKey":{"counter":0},"chainType":2,"messageKeys":{}},"BT1Y3b3WaR4l579NSwXFN0xxDHG4pEO6OeSqU3XbOSl8":{"chainKey":{"counter":0},"chainType":2,"messageKeys":{}},"BWoxja8Wvg7NxjUU/dTiF9MvzT2GaRPPLsYy3mW3J+xK":{"chainKey":{"counter":0},"chainType":2,"messageKeys":{}},"BTsQaR3KhCplVtTa9iuc3J4+7iiP1rjl9LsDpuBG+RFQ":{"chainKey":{"counter":0},"chainType":2,"messageKeys":{}},"Bc521ChKMEUEkgsnADLmyELvE9dCzpHd8CIm9jWG8KUo":{"chainKey":{"counter":0},"chainType":2,"messageKeys":{}},"BTo+zt4gs0x/XV1p+c/mgZPmqMmQxGlJgtDCD/qHtNxy":{"chainKey":{"counter":0},"chainType":2,"messageKeys":{}},"BfhTq1tTh2eKcMEzi6oSjLhNO+fdCnRPbZD8JtSeqBgs":{"chainKey":{"counter":0},"chainType":2,"messageKeys":{}},"BdxGqq8+sOIpLHN8so1QoSwDW2BT/BFmanhWjrPVJ9RA":{"chainKey":{"counter":0},"chainType":2,"messageKeys":{}},"BdFuW3B+2Naf55qz9csZc4vz/MsEk2f3ski/38kgwnVr":{"chainKey":{"counter":0},"chainType":2,"messageKeys":{}},"BZ9aAwFCLi9reHTEMoYZ/BJC9uceKNFfby6s/jbdCSo/":{"chainKey":{"counter":0},"chainType":2,"messageKeys":{}},"BWUfb4ez6WWqctWEfTyVinlt3k7BHsD4qojfk7JyQc1u":{"chainKey":{"counter":0},"chainType":2,"messageKeys":{}},"BeAP/Krz6vrTPTLhzjtNI+viBtWOdvCbTH3Tosn2aAxY":{"chainKey":{"counter":0},"chainType":2,"messageKeys":{}},"BY4RiZW4LBLzB3oGvlksupMmhpVcguYveOfIfXMzRcpj":{"chainKey":{"counter":0},"chainType":2,"messageKeys":{}},"Bd182gMNT3PY7LrUgEjm1UMq/pXf0KjhFEkISeSlmZsn":{"chainKey":{"counter":0},"chainType":2,"messageKeys":{}},"BSqxM0uP1jnAyh3Dge+03Q0RjW3T5g1k3+fGO//+LMRW":{"chainKey":{"counter":0},"chainType":2,"messageKeys":{}},"BfROOXwx3KErfaxsOZmS0VA0Gg7VB/naySDTdhf1UlwR":{"chainKey":{"counter":0},"chainType":2,"messageKeys":{}},"BWn2DMh0T2r/WlFGj1M6Tn1g1Ebk0fkgbIe1ffD9TGca":{"chainKey":{"counter":0},"chainType":2,"messageKeys":{}},"BYePuGSXnZ7D/m0R+vlQL0QV/kC83f7ivNorOKkk0bsp":{"chainKey":{"counter":0},"chainType":2,"messageKeys":{}},"Ba86BQ3Us9COzzFXiJgBYqIw8w+7F/KXkjlrrQN/jbFs":{"chainKey":{"counter":0},"chainType":2,"messageKeys":{}},"BYIUidAjIWEBCx9OWO7N/PR4dMeyME0EW/gn6fgq111E":{"chainKey":{"counter":0},"chainType":2,"messageKeys":{}},"BcH76gzbCwBM1iebvfs4S2/cMRLgmz/DF83Ak+ifFkZ+":{"chainKey":{"counter":0},"chainType":2,"messageKeys":{}},"BVKuUmG7fcy1HGR651Sorec+a4iue0TRQT+v7pjAwxFY":{"chainKey":{"counter":0},"chainType":2,"messageKeys":{}},"Bcf4yDholVO4dKUydHeyqyhaM58ktUWWcOhGnxIbmegd":{"chainKey":{"counter":0},"chainType":2,"messageKeys":{}},"BVXjxkkGko3S2ZSu+7pe2JYigeGnDoJF4ftQ6Z01tL5v":{"chainKey":{"counter":0},"chainType":2,"messageKeys":{}},"BQ5g8KmyBZNK5+rLat6ujnAc8R/lZf64KRadetoRAd1o":{"chainKey":{"counter":0},"chainType":2,"messageKeys":{}},"BU7EULzuGRQSC/o175bBcNlwqWJ2Rlcxv2OKpdBtb5pG":{"chainKey":{"counter":0},"chainType":2,"messageKeys":{}},"BSyxSxXFTMnt08O9Y61esGU0bea16KyRzBayy+YsGaJa":{"chainKey":{"counter":0},"chainType":2,"messageKeys":{}},"BaU5uxWQpu3c98uH54LGcGiU8PPExNudbvWUvLz0W7pw":{"chainKey":{"counter":0},"chainType":2,"messageKeys":{}},"BSzexbc+z5rhh4AscYBP6jRcDFfNBXVBtMGmC3+epNEY":{"chainKey":{"counter":0},"chainType":2,"messageKeys":{}},"BQusuhPzpacHFnOIWSMvmUZlBcBBDP3VUhffka4VzDEE":{"chainKey":{"counter":0},"chainType":2,"messageKeys":{}},"BTYD/ZZw5wRkU4WxtKR/QEg8g1c4SdyftK1nqF6JyYNL":{"chainKey":{"counter":0},"chainType":2,"messageKeys":{}},"BRKo0pyW1vC6R2MnIx9lyMDt18pym5fUqBo2/+YWxo0k":{"chainKey":{"counter":0},"chainType":2,"messageKeys":{}},"BQFiQuYImzgcSOb6HyzuVnW1hIMDICWppKVV2kqL+hkL":{"chainKey":{"counter":0},"chainType":2,"messageKeys":{}},"BcPWbo6VkXbbN8xniae+piUZGkeZoWyxR5aD+mxqKURV":{"chainKey":{"counter":0},"chainType":2,"messageKeys":{}},"BabvuNckTy+cz+WZ+akK9qWBDeDcItCutJL7i/vUSjRK":{"chainKey":{"counter":0},"chainType":2,"messageKeys":{}},"BcS10IWMsKxQku/hWhr2CHxTZH+Tl/XSwjKQXokcBbQK":{"chainKey":{"counter":0},"chainType":2,"messageKeys":{}},"BSrq+PXEsP0sobYZ9yzVBOhTQCfkXPbpVUoart71/dcq":{"chainKey":{"counter":0},"chainType":2,"messageKeys":{}},"BVx7561cAItrZ3wSW6xeCA1G9y+FjApNVvwM4uuh0YtO":{"chainKey":{"counter":0},"chainType":2,"messageKeys":{}},"BYGqOSlKFfcXUhsKqmajBvf68bALrzV+JB2yp4p3BBUn":{"chainKey":{"counter":0},"chainType":2,"messageKeys":{}},"BZpvEOKCHgWySjabpvng+xQqhpNxO8ct1atFfSPqTbEQ":{"chainKey":{"counter":0},"chainType":2,"messageKeys":{}},"BV0StOUhLePUdF0quq3n1d14dGbUJD1LGQ3KHtG6IcFf":{"chainKey":{"counter":1},"chainType":2,"messageKeys":{}},"BYcx8ErW15mOaLPQFAIJHmstRaJ9gahrbRiWkoR1yxZs":{"chainKey":{"counter":0},"chainType":2,"messageKeys":{}},"BTAjVmg6K2XPFxJ0yr3e4vQMpOtkCHp/reXLXn5W+m58":{"chainKey":{"counter":0},"chainType":2,"messageKeys":{}},"BWCx5ckv/3NM73ZVtd4VAy6W/iR9gPSIi1XvwZhIndVT":{"chainKey":{"counter":0},"chainType":2,"messageKeys":{}},"BaRVWFFL8dlUHc/WjRTZBxLxqcmKhLMGxknlp/Nhy01v":{"chainKey":{"counter":0},"chainType":2,"messageKeys":{}},"BWjeyXVcGU9xe9mQFYv92MGs4lJsPq7oYHjWn6sZ1rcE":{"chainKey":{"counter":0},"chainType":2,"messageKeys":{}},"BbxcOP1zx58h9/HIgwVtLi19pc3+vnH+L+6+WsXUnToe":{"chainKey":{"counter":0},"chainType":2,"messageKeys":{}},"BX7+Ivf1xUHCNfjcEncu8hsl88/JkCnnzr2Rh1RooeQS":{"chainKey":{"counter":0},"chainType":2,"messageKeys":{}},"BReB74kO/kEJilxEaXEFwisdCxYvS0avRBonQ3q6Oml1":{"chainKey":{"counter":1},"chainType":2,"messageKeys":{}},"BYvuQVOtX+kw9kToU4SJnnpxlVozusPLeTga+FoMrnxw":{"chainKey":{"counter":0},"chainType":2,"messageKeys":{}},"BdZ6towUD+VbgDq3GKkTyK2oIrqViZn4KwGewknvmzJ0":{"chainKey":{"counter":0},"chainType":2,"messageKeys":{}},"BVw9f0am9f+nJ40UfY+ERFnFnwGlKEV2FOuxpxQ8xlV7":{"chainKey":{"counter":0},"chainType":2,"messageKeys":{}},"BcK0Ss5Oocovm+JJbO3VkjHPbEjDOe20ASrvmluONC1p":{"chainKey":{"counter":0},"chainType":2,"messageKeys":{}},"BWYOuf3fe/cwtWRR4cYWYnEgYukSEy04VCRUBdg89nFE":{"chainKey":{"counter":1},"chainType":2,"messageKeys":{"1":"F9nn0mzfQKDCkxV6MyY+esSE3fOb8xIcYNcnoJpNfCQ="}},"BT/qgiFCykogAgB6c2cpiHwn7Zs1r4rWskI+3ljZUYcS":{"chainKey":{"counter":0},"chainType":2,"messageKeys":{}},"BcA3RKqtuhNJ52d9UXfotdJmR/mj2nfA7VJlsGWbWXVn":{"chainKey":{"counter":1},"chainType":2,"messageKeys":{}},"BVVR76xm9eH2sjKCuELR+OhZ7pQoWZXXf5cK5+0MXLNu":{"chainKey":{"counter":1},"chainType":2,"messageKeys":{}},"BZV2p1QAfLv4GRHWhqiMHnEOFNpj1q5XWKl14lg8NZsI":{"chainKey":{"counter":1},"chainType":2,"messageKeys":{}},"Ba/dyCszu21OKX9u9mSbLcb2GJHBoma/SNZgCRPjIj82":{"chainKey":{"counter":0},"chainType":2,"messageKeys":{}},"BS+k6XHabGRLHFfDbxXbXuKN5VpZO1SyRs3yzTXGHuwA":{"chainKey":{"counter":0},"chainType":2,"messageKeys":{}},"BX6Etjtk5Whx/mk5JTftIkd4YmWVx3ALHMqkS1FmrJFW":{"chainKey":{"counter":0},"chainType":2,"messageKeys":{}},"BfHQh3uP8vpXy4h4forXWV/zeeh0XUt2Ucssk3iQlYoI":{"chainKey":{"counter":0},"chainType":2,"messageKeys":{}},"BZJEQZWeN2KVPOalDvLYTo5lKoOL0SjoGyti2L17wwp0":{"chainKey":{"counter":0},"chainType":2,"messageKeys":{}},"BRPjXSMiwprH6I6e9OKe1c5CdT+98l8R5X5cMLUsSydO":{"chainKey":{"counter":0},"chainType":2,"messageKeys":{}},"BR82mh2oiZF+Km6n9cuQYarpjrrXM72hSaQEeVQjOWc1":{"chainKey":{"counter":0},"chainType":2,"messageKeys":{}},"BX0FStEtxJ1JCc/O7obQFtw0mZOhQCdx2Lnp1nxa3g0+":{"chainKey":{"counter":0},"chainType":2,"messageKeys":{}},"BSgg0JfvvBsauZ9MyObSmwTuZU6cgEI1vpdcDdsI5QNo":{"chainKey":{"counter":0},"chainType":2,"messageKeys":{}},"BUiw3eBHPQtsktMEERYmAmsyIA/w+qR385/BMXphjClg":{"chainKey":{"counter":0},"chainType":2,"messageKeys":{}},"BWRPW61ZX5fFo7z6DM4Gk+zITT2SioPHa7STUgcRJL5n":{"chainKey":{"counter":0},"chainType":2,"messageKeys":{}},"BeHF6FTggcL1ildWoMC8iLf/xEDef8uy3QR+D6QTccEw":{"chainKey":{"counter":0},"chainType":2,"messageKeys":{}},"BW7+6o4ubziC/6w7tl/8oM3BNWiMpJz3KDeAuZEPMl59":{"chainKey":{"counter":0},"chainType":2,"messageKeys":{}},"BebkwawgdFyQJCNm3GjyjhSO3bgGWQ1No2AKR4EiPbJY":{"chainKey":{"counter":0},"chainType":2,"messageKeys":{}},"BUfAQxP8cRfwggQ7H56jUFBDxsyeOlyINkS5VsaY1u0r":{"chainKey":{"counter":0},"chainType":2,"messageKeys":{}},"BXVlIN8eiMfKp+m/4MMmhvfaiWM/1fDeMTfBMXbaG4I+":{"chainKey":{"counter":0},"chainType":2,"messageKeys":{}},"BcKyNGFOx00MXU3xomVc/UIV/xOUh0AuSGtsnlAJZdBa":{"chainKey":{"counter":0},"chainType":2,"messageKeys":{}},"BUfyDT+CY6k00VGqdGB8oMasCWdXS5HbZ8EaOWqSu2Y9":{"chainKey":{"counter":0},"chainType":2,"messageKeys":{}},"BbjMSpRwQsPilOAydF/yaXeY8iR/p4Zfn13CITn5xmg4":{"chainKey":{"counter":0},"chainType":2,"messageKeys":{}},"BXy6/cVAP3eANHtUpx7XKsULuBSYArZwTQtF7ib+W2oB":{"chainKey":{"counter":0},"chainType":2,"messageKeys":{}},"BdTGUtJBVuzGnu8SSGboFhMrpBA45znRO+CHfB97Zohs":{"chainKey":{"counter":0},"chainType":2,"messageKeys":{}},"BYbkQPGyZxDxp4uZWAiHRlrMeWfg/b2zKYuApv/RrQF0":{"chainKey":{"counter":0},"chainType":2,"messageKeys":{}},"BZwrsdJC4D1P0+0Wr2hLAH68tOFInnoyGjWdrFI41RZ+":{"chainKey":{"counter":1},"chainType":2,"messageKeys":{}},"BcmPztAWSJEIUZ4QbNXnVtPX5PygvhzabvvpqoR4wWpI":{"chainKey":{"counter":0},"chainType":2,"messageKeys":{}},"BS2lVbNgiHusVx6vCMIx330ibYH5UQQGWFkCLlyGZWcr":{"chainKey":{"counter":0},"chainType":2,"messageKeys":{}},"BcuseVt0woN0N8EF+rFVaFnKEHWwcSncPjbkY9jrARo6":{"chainKey":{"counter":0},"chainType":2,"messageKeys":{}},"BenlZkTxfrB/kuUS7E+8k2+0F8b47YLRXZlwTOTKBx9j":{"chainKey":{"counter":0},"chainType":2,"messageKeys":{}},"BRqOn9uaV7mg1JS8f3kJTFFT7nCWlNu1eDNUw/cWVtBt":{"chainKey":{"counter":0},"chainType":2,"messageKeys":{}},"Bd4KbIx3NoYCnP5Y+CAmsAv1Wd8N5se9VK3m9ozXLdZw":{"chainKey":{"counter":0},"chainType":2,"messageKeys":{}},"BQ2F7cEVyMtaWQDbcyOeb4nnNpvr25uTV91hq6Koz18/":{"chainKey":{"counter":0},"chainType":2,"messageKeys":{}},"BW+Zm7jporV1MAl4Y7uo67kCWE0Nc8FdvUQXntiBndYC":{"chainKey":{"counter":0},"chainType":2,"messageKeys":{}},"BSI8P8qanOugwSMJ/wvRO2gye/umVWYMcP3dmnJM2JYj":{"chainKey":{"counter":0},"chainType":2,"messageKeys":{}},"Be4gxPOyYLxJu3JKSB5ymFXqBa5zQSAY3E/b7TZhkt4W":{"chainKey":{"counter":2},"chainType":2,"messageKeys":{}},"BaL2PIMSZgOXVvvUA5s/9vLRDb9y9uXkAhNcCRNbEakS":{"chainKey":{"counter":0},"chainType":2,"messageKeys":{}},"BR+4H/uWzFUD/UDmYRinHlaG4bCfrL7v2CZ9yVOk7rgR":{"chainKey":{"counter":0},"chainType":2,"messageKeys":{}},"BfRtH8iivBXNPnt3Z0aGSVWB32WjuyRX5EXMKX2J4p5F":{"chainKey":{"counter":0},"chainType":2,"messageKeys":{}},"BWcqzNdKPg5JdFGuxRW8cV1dkCoNe+XKUJoRBtBajfJn":{"chainKey":{"counter":0},"chainType":2,"messageKeys":{}},"BXBhClobJaelsPSZayvrTLkfpCRa0DxtyrGrBjKfw64Q":{"chainKey":{"counter":0},"chainType":2,"messageKeys":{}},"BYuXeXBuvaVHmACYp8CSMcjQVf/IotlxamEnwKDz3klS":{"chainKey":{"counter":0},"chainType":2,"messageKeys":{}},"BV02ptabT6A5t3sQYAWTKbUBEPTD/CvMk4B8O3KiWsgJ":{"chainKey":{"counter":0},"chainType":2,"messageKeys":{}},"Bcue5VMb4An7KE9W3vm1gL51SPZlQQR8Om/WkqsVNfQq":{"chainKey":{"counter":0},"chainType":2,"messageKeys":{}},"BabtoURCfTrLMcngNj3ZjseVfewyAZikghObT8Pd85k4":{"chainKey":{"counter":0},"chainType":2,"messageKeys":{}},"BR8gSyLOT2aW4qjqq38p7wtvfiPlNQj3WL22QsTkVLxR":{"chainKey":{"counter":0},"chainType":2,"messageKeys":{}},"BezPDAOc7RZ+7hbCTjHGfwKPyLsvRFsiHQn0JdH39LFf":{"chainKey":{"counter":1},"chainType":2,"messageKeys":{}},"BTfctQ0uo7oPN0qLQYBhZ1Hp+4cD+XOXUMMZsDbxmX8i":{"chainKey":{"counter":1},"chainType":2,"messageKeys":{}},"BUorUDfjhQ/0Tx6mKer8bmQ+UOJiFImIbTlJeXmIT30b":{"chainKey":{"counter":1},"chainType":2,"messageKeys":{}},"BckN61VRziGfhUXpiogDCknprnZVMsartBPHaxaUtg8n":{"chainKey":{"counter":0},"chainType":2,"messageKeys":{}},"BYekScxNHZt9aTX3N0Hu2+8h/OyxhA9VIcEt7brVtlli":{"chainKey":{"counter":0},"chainType":2,"messageKeys":{}},"BQ7ma8M03Sdn+U5cR191xRYlyai2FgfopD0uf8IyaGB2":{"chainKey":{"counter":0},"chainType":2,"messageKeys":{}},"BYducoc5o74dvX4KMZ4DT8NUCue5j5nQwJEnoGpaZlN/":{"chainKey":{"counter":0},"chainType":2,"messageKeys":{}},"BQs3+DYHcsI5GW/sVrjQcUb4bxj5L+ys2y/p9IfWnt1q":{"chainKey":{"counter":0},"chainType":2,"messageKeys":{}},"BUiMJiTpogg0hmiwc1Ji6AHGauCmHJMs2lPVdobN6BFc":{"chainKey":{"counter":0},"chainType":2,"messageKeys":{}},"BbiUt4B/r1r3HeZo3qp7p3pPYjz7Fp+OVUrActJ2WRJe":{"chainKey":{"counter":1},"chainType":2,"messageKeys":{}},"Bc5+UURZTRWF5isSEIrumNMMV0TC+mdIB0NAx1/Gr0Yt":{"chainKey":{"counter":0},"chainType":2,"messageKeys":{}},"BfM3I/U3NQ6DX4o2EqX3IDjUAuZLb0FdyqkE4iBdnqdp":{"chainKey":{"counter":0},"chainType":2,"messageKeys":{}},"BcFZLxkswCsz4i/tyKTPY36hh6s1X0glfi9xjWcsFeNN":{"chainKey":{"counter":0},"chainType":2,"messageKeys":{}},"BSv0arzbHXGPvAI5vbqfhy//e5I+/agFK5Fk3troVn0D":{"chainKey":{"counter":0},"chainType":2,"messageKeys":{}},"BSsok2Cn2gBRmgBtl5jLunHxXp3JDmFyGJJqGcrCOJRQ":{"chainKey":{"counter":0},"chainType":2,"messageKeys":{}},"BanMUxdB6TbcHr2wfPdHz0rvGrIHlWJQuqcV2c0bvrVH":{"chainKey":{"counter":0},"chainType":2,"messageKeys":{}},"BYB6eE3ndcEqnjt4Mrh4Qr6WJjCLgL/x5d1cHZJF1ZwH":{"chainKey":{"counter":0},"chainType":2,"messageKeys":{}},"BTcYBwlnpMyg3bdn3PgrP7yxOKVFh/yP/3toJPnzD3sH":{"chainKey":{"counter":0},"chainType":2,"messageKeys":{}},"Bd/sYn/3kIELfzFOoXjLF5rf4Pr42xRWO7uK4BPFoIhz":{"chainKey":{"counter":0},"chainType":2,"messageKeys":{}},"BYoVM0QlgUdGoXe5/HaFJLEoS0S+83fY8E9CvuD9HLAS":{"chainKey":{"counter":0},"chainType":2,"messageKeys":{}},"BcvaD9/75/yZ753AeE16h4MumL+2zgIHrAInmvEYh/9x":{"chainKey":{"counter":0},"chainType":2,"messageKeys":{}},"BRhA8AmvmyXKe7ktBZlkBmvb5ddSSbJsjr24uySuDGZ/":{"chainKey":{"counter":0},"chainType":2,"messageKeys":{}},"BSS3y0bfcEKwvv1GYHUnIpxK5C6bCjz0iD3x9mCQnAdo":{"chainKey":{"counter":0},"chainType":2,"messageKeys":{}},"Bb1qymJjHF4GxZHJ6eMgigaO2abLBRdoEnA7gDvauzN5":{"chainKey":{"counter":0},"chainType":2,"messageKeys":{}},"BZz5oHFlacmc+BupsdbhSuXub67beUVFEmiuPrFkTX8V":{"chainKey":{"counter":0},"chainType":2,"messageKeys":{}},"BcJJ4swIEs51WvexKYQTpWZTBpvJaJS8TUGxnhaKIh9l":{"chainKey":{"counter":0},"chainType":2,"messageKeys":{}},"Be4oynbsw2XCWg0Vhq5FpLvLFT0CSo7+Owz7JZZHXBhF":{"chainKey":{"counter":0},"chainType":2,"messageKeys":{}},"BbuB8oPsYrbHs4JT8cuSphnb0JRjyhVPalO0diiQuqA6":{"chainKey":{"counter":0},"chainType":2,"messageKeys":{}},"BZiRu6H2gV9DJPdvdOrK9haFIsDtw9AiyjSIKrTOxfcA":{"chainKey":{"counter":0},"chainType":2,"messageKeys":{}},"BUnwqM0Rvz+sJYFR50tboSeqY/gPCQF3Z5hqawafUj1g":{"chainKey":{"counter":0},"chainType":2,"messageKeys":{}},"BWFtvegGK2/Eqtc1L9nFynsBbN8rSR4qki+eKa+Jdplu":{"chainKey":{"counter":0},"chainType":2,"messageKeys":{}},"Bddzu4NRFLuDTWlqjtrye+kW0LrgmDfszZ3x3PSLjs1M":{"chainKey":{"counter":0},"chainType":2,"messageKeys":{}},"BeoiI2x+8UpLLGbaqHPpLcn1Ap5lCxw4aLvyVAqvq1UG":{"chainKey":{"counter":0},"chainType":2,"messageKeys":{}},"Bd3EuLeEjl4Asdq9hlZ/j+xJveAaBUcIVRImcLEpsGUE":{"chainKey":{"counter":0},"chainType":2,"messageKeys":{}},"BT9eRPd4/gdeCdkD4skNeAIjCLNfciWBbDdJREtPATQN":{"chainKey":{"counter":0},"chainType":2,"messageKeys":{}},"BSbzEzQLJVgE2bXrVBtZwrcHPC872jq2UWLi964O2ygH":{"chainKey":{"counter":0},"chainType":2,"messageKeys":{}},"BUK2VnAMJZYZ8SUNZ/nWC9Lf1L4VN8shjfuNIob6BS46":{"chainKey":{"counter":0},"chainType":2,"messageKeys":{}},"BdkucsM/M3ATu82y9KfaPp3HokOD473NPVinE5qO8x1m":{"chainKey":{"counter":0},"chainType":2,"messageKeys":{}},"BQhs4AiTDfeALaJT26UVsDL/6yhestU1qYv0neorFJ8o":{"chainKey":{"counter":0},"chainType":2,"messageKeys":{}},"Ba2+yjN7yxmG8DeXjhx4azL8jtCSqd47FVoQIlUi3Z43":{"chainKey":{"counter":0},"chainType":2,"messageKeys":{}},"BW3hOplbb2EFldii1tpxlScMRVY+BrWrrJ93iLXB78gQ":{"chainKey":{"counter":1},"chainType":2,"messageKeys":{}},"BS6lxyzOWviZTZjNs9QGMQRufvlQf+BOGKcRf+UIT39s":{"chainKey":{"counter":0},"chainType":2,"messageKeys":{}},"BcKeG09GE1lEMuTS0s1BQfQdFYZnI+qsJT/aciXPiphO":{"chainKey":{"counter":0},"chainType":2,"messageKeys":{}},"BVyWaq0Ab5c41JxH0gkKuCoCLn7ZRtymcodjFZ4pOd8k":{"chainKey":{"counter":0},"chainType":2,"messageKeys":{}},"BVQ5onHHSv0ueALP7pPu5dccl6gWFdaSq8psFRvp6r8w":{"chainKey":{"counter":0},"chainType":2,"messageKeys":{}},"BZAzQcMTA3RuXRQhW5yjdjwVuGl7nwGxxfPQKXKeYCU0":{"chainKey":{"counter":1},"chainType":2,"messageKeys":{}},"BfyLi1HCNz/Af56OgROn3EXPG6mFA4SNpgGVQqUwAKwj":{"chainKey":{"counter":1},"chainType":2,"messageKeys":{}},"Bc4Z6506gWbUyRbUJ06yX4Bun2qa/L1EB6FKWb2WVxBk":{"chainKey":{"counter":0},"chainType":2,"messageKeys":{}},"BWHqwT58osMK+Rp8ZK22Ou+Ptf0hJc3m8faY8Qh3SspN":{"chainKey":{"counter":0},"chainType":2,"messageKeys":{}},"BZt/TXxA55XQjsx3YvaXQr4HAKcymYV+l47NXHACU/Yd":{"chainKey":{"counter":0},"chainType":2,"messageKeys":{}},"BbYOUzMQnub8fYDuOJSuK112PfQMu3BrAWGkKfOVuQBX":{"chainKey":{"counter":0},"chainType":2,"messageKeys":{}},"BYmInLRHwH/MWIFiN90OI0JHdTMeCBwlMKm4VHBSYQE+":{"chainKey":{"counter":0},"chainType":2,"messageKeys":{}},"BU+OS2FqjDCAanClBrevCvF5HCUA2SecKalyRfE/iKgx":{"chainKey":{"counter":0},"chainType":2,"messageKeys":{}},"BRwlAPDoCwuFTLc3Soj96j5P5c1lL8h61WWRYQu+rroC":{"chainKey":{"counter":0},"chainType":2,"messageKeys":{}},"BQv+6Nw5F9BGmseFSxt1hhrxaS3yMTleNEDkSb+I9j9k":{"chainKey":{"counter":0},"chainType":2,"messageKeys":{}},"BeELBXin6Em2tS9St7rb54+R2M2FYcS6X9XHNdC6CchS":{"chainKey":{"counter":0},"chainType":2,"messageKeys":{}},"Bflbw8i9hG5qA2eBIOmTrdzJ/SjWWhGW8EaCBUSHsXsS":{"chainKey":{"counter":0},"chainType":2,"messageKeys":{}},"BVtUbbvWJjyoeniITVx2njgFNV0UVtReSuaJiK2W1Q1L":{"chainKey":{"counter":0},"chainType":2,"messageKeys":{}},"BWu+zm9I87mPTK3hjCCO8pMI348id8tzciOCnmd7zsZi":{"chainKey":{"counter":0},"chainType":2,"messageKeys":{}},"BQDl+rM6Xu4R0ScsaIdIxAcvb7xYMflr9sj3Iqo5WGUB":{"chainKey":{"counter":0},"chainType":2,"messageKeys":{}},"BUQzUOs4kYZCsx2nAW7ip9diNsYW0PPKrnIwzF/zJFQV":{"chainKey":{"counter":0},"chainType":2,"messageKeys":{}},"BXMk+u2R0TwGqRYrDmx8jE0GyO4FwEcedwCR0MhfKfQg":{"chainKey":{"counter":0},"chainType":2,"messageKeys":{}},"BVaMLM9igWRD4zX+XQrcTaVevLK+UHlg92hrqdftSTBM":{"chainKey":{"counter":0},"chainType":2,"messageKeys":{}},"BUSD3kc3px1V7CBUy7/Jqnnz9Obn3KQ+26+3cfRiI7Yk":{"chainKey":{"counter":0},"chainType":2,"messageKeys":{}},"BTW26iE3LOHGzqnq4hs0Wai72zK9PYh9h/jmvXYnTflg":{"chainKey":{"counter":0},"chainType":2,"messageKeys":{}},"BSoJuTq0QBnOOHkhK1HRxYLu1WQ18Z4yZ0m9RajPCnZ4":{"chainKey":{"counter":0},"chainType":2,"messageKeys":{}},"Ba4uhaakhCEVysQYext+NZ2TzJU9HItzSHPP8bTokucq":{"chainKey":{"counter":0},"chainType":2,"messageKeys":{}},"BWXfHshMy4GzQFcv2gJjqMrGCztDBqnN6KwqcotIzTRA":{"chainKey":{"counter":0},"chainType":2,"messageKeys":{}},"BcAxwnY5YRaVhhb1gyrbnHscTPeT+CHWMnGA79KrdBpZ":{"chainKey":{"counter":0},"chainType":2,"messageKeys":{}},"BdegXOgIOE8yGHK+r7zzYR9M4m5Y+ppxBoOkzN6DXkwM":{"chainKey":{"counter":0},"chainType":2,"messageKeys":{}},"BYtjwAHf3m0IIBeC95zVaYUVK4pLMyZ6NvuvDyc935w1":{"chainKey":{"counter":0},"chainType":2,"messageKeys":{}},"Bd/HyBu6P9fu9C+OHWXrettXy05vzQRjNAF4v4/OiDR8":{"chainKey":{"counter":0},"chainType":2,"messageKeys":{}},"BalJWVBL31fKf84f4HXhz1pLYQDpFpDuR8pQf3bBKkJz":{"chainKey":{"counter":0},"chainType":2,"messageKeys":{}},"Bb3PowuEcLSZf916mfCp8KeJhO1hbXpj5JqMX5kNGP5i":{"chainKey":{"counter":0},"chainType":2,"messageKeys":{}},"BQr48I+BD4Bas8EWWGXCEVonkVntpYM6IZKBt2LiOhVr":{"chainKey":{"counter":0},"chainType":2,"messageKeys":{}},"BUKBbhnPqQeyZ+frhRHcMSSjAnSgj8yB1iryCWqct3Bs":{"chainKey":{"counter":0},"chainType":2,"messageKeys":{}},"BXCOo9O20k0A5CmttWZtQyGrkPBnY/YlVvlXwqEnMK4Y":{"chainKey":{"counter":0},"chainType":2,"messageKeys":{}},"BTbEhyqXMn+45GBP0K8egb2658O+UW0lg3KiLGSq1H1U":{"chainKey":{"counter":0},"chainType":2,"messageKeys":{}},"BdvbsUmvV4Cj4RaMXntOYPTZpfF7gajL+ktUvHv8ked6":{"chainKey":{"counter":0},"chainType":2,"messageKeys":{}},"BT0bDL6hgGLgl/wwqsi8/KLPO07bEARdMd1YYUTDye0A":{"chainKey":{"counter":0},"chainType":2,"messageKeys":{}},"BRcdYyPluFu0b0v9PhLcUjh09dVBTgr3XNo+MddgEOhW":{"chainKey":{"counter":0},"chainType":2,"messageKeys":{}},"BXHmCqyTWZiyNPmFc5ZTywDJ1+X5+uEN+u8zb5nW1tIf":{"chainKey":{"counter":0},"chainType":2,"messageKeys":{}},"BdsVwwCqxZ7lY+nDFVocUljHQ3iD9dy1+D77f2Kavs0v":{"chainKey":{"counter":0},"chainType":2,"messageKeys":{}},"BV6tycEZ8wZigqySJruE2uYIhjeWnaBsHmCJfd3b/EJM":{"chainKey":{"counter":0},"chainType":2,"messageKeys":{}},"BdXgWjxkNr9DbVjXTus5ZUesaQx22wPIsJEXFgJ++hZr":{"chainKey":{"counter":0},"chainType":2,"messageKeys":{}},"BZQ+BJIr/eagQKp7Rk0ShBDkziimygdn012LCyoCV4pn":{"chainKey":{"counter":0},"chainType":2,"messageKeys":{}},"BVSRaCYIiKenhNnbClGrehJkKayRlad9AOU1VxM8c3Vb":{"chainKey":{"counter":0},"chainType":2,"messageKeys":{}},"BVEy3Yce3piYvDDcQrbEErOO9Z3VamGzfwsGO7Yr/Tx6":{"chainKey":{"counter":0},"chainType":2,"messageKeys":{}},"BTvqltntoCsS73HXgGD94ODl1Fj+7uNPiayJi4604/M4":{"chainKey":{"counter":0},"chainType":2,"messageKeys":{}},"Bf0EPl9Z3ADvv16KbnkcVSQATYe3Ljnmkl/5uwsJHQQx":{"chainKey":{"counter":0},"chainType":2,"messageKeys":{}},"BTa+LMCAnPRoE6+b/HCNd2C37bs03AvTrSdgh9Jt0tYb":{"chainKey":{"counter":0},"chainType":2,"messageKeys":{}},"BTckSZ2TKTnyJEDkCBc0JQQP3w9kle608AcjxyuklZ1S":{"chainKey":{"counter":0},"chainType":2,"messageKeys":{}},"BbrTKZf0oLUO2B2AHoQwydBophgJ2aUNR+dZkUuHp4MV":{"chainKey":{"counter":0},"chainType":2,"messageKeys":{}},"BdjKFXH4GRZ+c0aEI5VVP5KO1qVlLxkN22OADtoRlnA6":{"chainKey":{"counter":0},"chainType":2,"messageKeys":{}},"BdFXr3/W04UnQjb+YYIbpKhQ4Qd8xGz2agwzip0XmlRV":{"chainKey":{"counter":0},"chainType":2,"messageKeys":{}},"BY1L6EMFHM1IRSmy4QH4Ya022PD8+G10RmNNtgOgh8Qf":{"chainKey":{"counter":0},"chainType":2,"messageKeys":{}},"BYQT5MFw3Fmgo7BetwnQDs+oSHyp2Zdn51e3SrvX7nBf":{"chainKey":{"counter":0},"chainType":2,"messageKeys":{}},"Bbl9wGOLlitY7NWms2mN7Rv9iI8oAsz8pAeT8E0Rfe1w":{"chainKey":{"counter":0},"chainType":2,"messageKeys":{}},"BaZJJJ9Xd3qZUgreBHBO4b8nPvoL6syszbRZtSuuiURP":{"chainKey":{"counter":0},"chainType":2,"messageKeys":{}},"BTb4RCso4i5z3UeQ6yggDQ8QhWUPKA4EzXm9CmrCRR5Y":{"chainKey":{"counter":0},"chainType":2,"messageKeys":{}},"BeHrV0ziskuD4UD0cxsJi9YvSRrlXCukoiPv2Gxphr0P":{"chainKey":{"counter":0},"chainType":2,"messageKeys":{}},"BY1m/rAk4dYmGutQ9KLIFJ/miqcSN4XEnhZQIcrtbRN4":{"chainKey":{"counter":0},"chainType":2,"messageKeys":{}},"BRnmMYz34Y2Y4fnl0QburkZ4M1/cXO9LSELD//lVu416":{"chainKey":{"counter":0},"chainType":2,"messageKeys":{}},"BRGNu+z9ZNf1qOWrHI4ZeCF/g2d+TVzUThcAQr5Z1gdw":{"chainKey":{"counter":0},"chainType":2,"messageKeys":{}},"BfVkrSHXQi/5L7Cn+Ux+7N59/PDZlNQ9XFrF9yJyDdop":{"chainKey":{"counter":0},"chainType":2,"messageKeys":{}},"BYb53aCbXO+qgIAQrjHDZLOO+AoB/+e02EidsUs5nfUP":{"chainKey":{"counter":0},"chainType":2,"messageKeys":{}},"BSp8uWoPAGimDXiqbQDCWM0PPuiQj4q/YdmxuOWWmWpM":{"chainKey":{"counter":0},"chainType":2,"messageKeys":{}},"BZI1McERL8H3VkRQTZgLIzyesBpbrbgdHwk4SY0AJXBm":{"chainKey":{"counter":0},"chainType":2,"messageKeys":{}},"BddjHeF4mhkMPuYHSxg8C+xbZpLxKj7+GFU1pJwX1Hl3":{"chainKey":{"counter":0},"chainType":2,"messageKeys":{}},"BdoMwJ/51Ey8LnGHipZ8R55XvAls3gprfzT7Ll+F27pi":{"chainKey":{"counter":0},"chainType":2,"messageKeys":{}},"BSUUaiSRqCvi6pa8HSl4e4gyaN6kceR7KlifweAXXJRY":{"chainKey":{"counter":0},"chainType":2,"messageKeys":{}},"BfLoA8GjWrXnHIV1lE+UI8JMc7qwuVa1D+5xvOvKYOsw":{"chainKey":{"counter":0},"chainType":2,"messageKeys":{}},"BU+2mckh4d3rcHqs8IAhy/6UUUp1GZi59cdYMePEOI0b":{"chainKey":{"counter":0},"chainType":2,"messageKeys":{}},"BagKOej6ErYvRELIfEdlO5PYtRMANM93vTGmNsfBHqxo":{"chainKey":{"counter":0},"chainType":2,"messageKeys":{}},"BXoxpG3lF9JUjsJ+Qz/h4Yq8Ktqi3YKpQRWMw4X/dSsI":{"chainKey":{"counter":0},"chainType":2,"messageKeys":{}},"BX6D4lQPZIxRUqxd2cSrwKaWA0wCMgH3DuSHZSTBpP57":{"chainKey":{"counter":0},"chainType":2,"messageKeys":{}},"BWoiXvZzO6tlejvY7GcwmxdeMBxpQW7mZ2+9QtEDvuZh":{"chainKey":{"counter":0},"chainType":2,"messageKeys":{}},"BW+bYJ1XFLglRscX30TS1MKIoZHDyFeapGNa16mMHnox":{"chainKey":{"counter":0},"chainType":2,"messageKeys":{}},"BengnW/4F/8NHddOy8gJmvxeLJMR1llGPfhHTUr0AD88":{"chainKey":{"counter":0},"chainType":2,"messageKeys":{}},"BcRqrdzwl7w0M58XO80RHFJQB0WOWIQCo10obUl0EpwJ":{"chainKey":{"counter":0},"chainType":2,"messageKeys":{}},"BTcqTr3yJ7Kp22FBx5ByXtcc+bkFFTklDAiXzr0z0aRi":{"chainKey":{"counter":0},"chainType":2,"messageKeys":{}},"BUzNRR4u/MuT9PaRUV5Z0BDYnJP51J6oNIrsRVKmbbBF":{"chainKey":{"counter":0},"chainType":2,"messageKeys":{}},"Bd5/4ailr2TnTqWNF6IqsG17jT0PDffkJQ6x+/huf9cG":{"chainKey":{"counter":0},"chainType":2,"messageKeys":{}},"BdxWX4oLgCuWfUG6/PzY4iQtj3XtnDrZnwrG1AkPv+9e":{"chainKey":{"counter":0},"chainType":2,"messageKeys":{}},"BbD/zsaZMSMDlOntcTg9MyYSHxibwn3wBmO3t5k0IhMV":{"chainKey":{"counter":0},"chainType":2,"messageKeys":{}},"Bca6XVyaWpoEEl2MfORXsAMyRfJsYAkKp/yxsmgTTy9F":{"chainKey":{"counter":0},"chainType":2,"messageKeys":{}},"BSKhZl2fLLJD7Sq2uuEZMUyGR9bpXCEq5tUDQLb90dN1":{"chainKey":{"counter":0},"chainType":2,"messageKeys":{}},"BcLnAzJoWnd8KsfAeIP4uniQeibvFFpMEQMRiSMxIQxd":{"chainKey":{"counter":0},"chainType":2,"messageKeys":{}},"BUTR1jK4XdpWqNwSkK2BOyiPTsMWcsc46/6ZS+SBQsFO":{"chainKey":{"counter":0},"chainType":2,"messageKeys":{}},"BRTlQfCEgEbu7rZ68jJqZDil/eEMlOjS/IYkegeZkpxi":{"chainKey":{"counter":0},"chainType":2,"messageKeys":{}},"BcHJ87jU/gyEqpYMlFsCKdPKqcGPoeiNoJQPw214hx86":{"chainKey":{"counter":0},"chainType":2,"messageKeys":{}},"BfPJB6EgLzLAXyrxkdrPr/ISrL6Rl29rNeLySncS9F8M":{"chainKey":{"counter":0},"chainType":2,"messageKeys":{}},"Bc91p5/jF4NaUdl5kv/kM6coftsTJpCMaqz31p2R5kV+":{"chainKey":{"counter":0},"chainType":2,"messageKeys":{}},"BWJFxb/rzrPiMfBRPYxp90LYn9wldn636mhNAQ3GqLV3":{"chainKey":{"counter":0},"chainType":2,"messageKeys":{}},"BTZeGZwQitQIUtCiy5biv+XHbTGqT/TscBzKLcY05ARa":{"chainKey":{"counter":0},"chainType":2,"messageKeys":{}},"BexEG2UY2WDk9F/VIftWGfUFxeEcfQ4O/AH/bQLn3Pxm":{"chainKey":{"counter":0},"chainType":2,"messageKeys":{}},"BY8iGcCCj79jgsqXzmVq7lDycTW16nZtmO0chMLahlt5":{"chainKey":{"counter":0},"chainType":2,"messageKeys":{}},"BdpQwljvGCbToYQSq+w/Vc/mjhYacgGohzb1TEyULC5X":{"chainKey":{"counter":0},"chainType":2,"messageKeys":{}},"BQoG6wLzDeT2kkfuhw34m083YqO9qKa/RlKIkpdnFJ8c":{"chainKey":{"counter":0},"chainType":2,"messageKeys":{}},"BfSFi3tR7KlXZksaUONOjNd3utPqqmVqcchuTEpCu8FS":{"chainKey":{"counter":0},"chainType":2,"messageKeys":{}},"BZO0jsmVX9fNWk+Wads6Jerho9HaLjraZYubLDNXAywJ":{"chainKey":{"counter":0},"chainType":2,"messageKeys":{}},"BVFj7IdpuQGjkGO/OpTCqx6VwWhWm5FWNkXRTl8ujm1u":{"chainKey":{"counter":0},"chainType":2,"messageKeys":{}},"BbmpHkzkvjXMAroFcwLzjfxSNb3wVdxopjW5v1LZyXBR":{"chainKey":{"counter":0},"chainType":2,"messageKeys":{}},"BWap9ia+RG5Y86UfMw5D7vkGpgvyVLuJVsjxS6+tBB9+":{"chainKey":{"counter":0},"chainType":2,"messageKeys":{}},"BeRrhwMEcbmB7mNFu45w9oN9BveAnJjg5yXMe/h+xlwz":{"chainKey":{"counter":0},"chainType":2,"messageKeys":{}},"BbWQZIZow0ceh5QhPCIQbhlQALsALzWPE0/2Ee44Hdhw":{"chainKey":{"counter":0},"chainType":2,"messageKeys":{}},"BRP/sPqQuPe010sYUuvkl6zxG//HrpacS8Ezq+gS9AAe":{"chainKey":{"counter":0},"chainType":2,"messageKeys":{}},"BdzHWbUagWBbUTo0NKvi7+AdNSkxSNS/94umPde+vXtn":{"chainKey":{"counter":0},"chainType":2,"messageKeys":{}},"BbAA1rOPFApHlFWZPBzLG5MnwMsmT+9OW/8TJwy/L/dL":{"chainKey":{"counter":0},"chainType":2,"messageKeys":{}},"BXs/Ha+krPYlNTDT+20PNxJ9hZv5HqwtVEOINJzrbo03":{"chainKey":{"counter":0},"chainType":2,"messageKeys":{}},"BSHf5DCudDyiJ8tGBiLmxm3beo5ak+YGlEMcKU+T0OcX":{"chainKey":{"counter":0,"key":"15b5DtESE0rVLuMMmURpnr4f+qsRRMF5U518SaW76jM="},"chainType":2,"messageKeys":{}},"BRUWbt0WCM5K4NQyQ/c522/nVm3138dqiAKzccNYcL89":{"chainKey":{"counter":0,"key":"Bb45toojJjFliPbp58iRAcVpkrKtRuWyyOD2bqfUFBY="},"chainType":1,"messageKeys":{}}}}},"version":"v1"}