{"_sessions":{"BZD9iPPdLDY3LxxQ6gi3Er2nkV6bqBthV7uvXo0yWExU":{"registrationId":1122314768,"currentRatchet":{"ephemeralKeyPair":{"pubKey":"BUQCpEZR+7cUIp27SHjeMUI7rizS2MpCMzsg5mybpdNU","privKey":"aHOPKuMjWOoDNaIuk4j6wNqxSmdaQ+IiFtp5FTwxwHM="},"lastRemoteEphemeralKey":"BXIjSwkWDhz1g3SCd2stV69GIU/7Zn3gpeSKv3DKsVlX","previousCounter":0,"rootKey":"PCvGKyRuaEgMEQvbm1m1IDlJ61vSN+Ed9BWciCZVOko="},"indexInfo":{"baseKey":"BZD9iPPdLDY3LxxQ6gi3Er2nkV6bqBthV7uvXo0yWExU","baseKeyType":2,"closed":-1,"used":1760360537680,"created":1760360537680,"remoteIdentityKey":"BbqplbKy8uII6zyn6vUFnWitXqXebLCQYgwEAlSSK45r"},"_chains":{"BXIjSwkWDhz1g3SCd2stV69GIU/7Zn3gpeSKv3DKsVlX":{"chainKey":{"counter":9,"key":"gpAH8CE8NUT0wUq967XVv/xRypXkyRHn2QSnzfuAHtk="},"chainType":2,"messageKeys":{}},"BUQCpEZR+7cUIp27SHjeMUI7rizS2MpCMzsg5mybpdNU":{"chainKey":{"counter":300,"key":"791QEqQFaPuoCJ85aQmE+I87kO8p3D+calJXuMb7k3g="},"chainType":1,"messageKeys":{}}}}},"version":"v1"}