{"_sessions":{"Bd2VoWwhj4OBJup7wJ+Ul0knxCJ8fNnwRm/9Dur/rKMy":{"registrationId":1093899459,"currentRatchet":{"ephemeralKeyPair":{"pubKey":"BV6xmN4D9KatpzLEScE9OPhl4+jG72gleskUQrb575R9","privKey":"yD8SVG4YbeRIl9CUnR3YmvhhuuES3q5ZKBaQy6Qpdnw="},"lastRemoteEphemeralKey":"BeyBZqq6C05GeBmGuN2GEyrCHdswBRTClZzt5IjgJUUU","previousCounter":0,"rootKey":"IViSE5/ta/EbMVqYXZDbFMO1qeiC8vMlmqJOib0rDeA="},"indexInfo":{"baseKey":"Bd2VoWwhj4OBJup7wJ+Ul0knxCJ8fNnwRm/9Dur/rKMy","baseKeyType":2,"closed":-1,"used":1760365241594,"created":1760365241594,"remoteIdentityKey":"BWbhu8qDiw+0zLIUSpeVoakcS+ysW7oRXSSyG5v29CxF"},"_chains":{"BeyBZqq6C05GeBmGuN2GEyrCHdswBRTClZzt5IjgJUUU":{"chainKey":{"counter":0,"key":"Jp1V+eNN72g6fpKqtiRKBgkn3bgZsYi4/+xgmUpboUo="},"chainType":2,"messageKeys":{}},"BV6xmN4D9KatpzLEScE9OPhl4+jG72gleskUQrb575R9":{"chainKey":{"counter":-1,"key":"GN1AXVulS7qYfjrMWsNV2yWMgKrChAeNwFQX0MpnIvY="},"chainType":1,"messageKeys":{}}}}},"version":"v1"}