{
  "hit": {
    "totalcmd": 105,
    "todaycmd": 48,
    "menu": 20,
    "allmenu": 4,
    "get": 3,
    "addowner": 1,
    "tourl": 2,
    "listusr": 1,
    "nulis": 1,
    "nuliskanan": 1,
    "nuliskiri": 2,
    "play": 26,
    "npm": 1,
    "sc": 4,
    "donasi": 1,
    "botmenu": 1,
    "ping": 9,
    "runtime": 1,
    "fast": 1,
    "searchmenu": 1,
    "pinterest": 1,
    "hd": 1,
    "downloadmenu": 1,
    "ytmp3": 2,
    "ytmp4": 2,
    "quotesmenu": 1,
    "quotes": 1,
    "toolsmenu": 1,
    "brat": 1,
    "bratvid": 1,
    "qc": 1,
    "aimenu": 1,
    "panelmenu": 1,
    "animemenu": 1,
    "waifu": 1,
    "gamemenu": 1,
    "neko": 1,
    "funmenu": 1,
    "cekmati": 1,
    "cuaca": 1,
    "ssweb": 1,
    "speed": 1,
    "ai": 1
  },
  "set": {
    "6281949653378@s.whatsapp.net": {
      "lang": "id",
      "limit": 0,
      "money": 0,
      "status": 0,
      "join": true,
      "public": true,
      "anticall": true,
      "original": true,
      "readsw": false,
      "autobio": false,
      "autoread": true,
      "antispam": false,
      "autotyping": true,
      "grouponly": true,
      "multiprefix": false,
      "privateonly": true,
      "author": "Nazedev",
      "autobackup": false,
      "botname": "Hitori Bot",
      "packname": "Bot WhatsApp",
      "template": "documentMessage",
      "owner": [
        {
          "id": "6282113821188",
          "lock": true
        },
        {
          "id": "6285134481895",
          "lock": false
        }
      ]
    },
    "6281325600199@s.whatsapp.net": {
      "lang": "id",
      "limit": 0,
      "money": 0,
      "status": 0,
      "join": true,
      "public": true,
      "anticall": true,
      "original": true,
      "readsw": false,
      "autobio": false,
      "autoread": true,
      "antispam": false,
      "autotyping": true,
      "grouponly": true,
      "multiprefix": false,
      "privateonly": true,
      "author": "𝙰𝚕𝚢𝚊-𝙲𝚑𝚊𝚗",
      "autobackup": false,
      "botname": "𝙰𝚕𝚢𝚊 𝙾𝚗𝚎",
      "packname": "𝙰𝚕𝚢𝚊 𝚆𝚑𝚊𝚝𝚜𝚊𝚙𝚙",
      "template": "documentMessage",
      "owner": [
        {
          "id": "6285134481895",
          "lock": true
        }
      ]
    }
  },
  "cmd": {},
  "store": {},
  "users": {
    "6281328434787@s.whatsapp.net": {
      "vip": false,
      "ban": false,
      "afkTime": -1,
      "afkReason": "",
      "register": false,
      "limit": 20,
      "money": 10000,
      "lastclaim": 1754312096899,
      "lastbegal": 1754312096899,
      "lastrampok": 1754312096899
    },
    "6281949653378@s.whatsapp.net": {
      "vip": false,
      "ban": false,
      "afkTime": -1,
      "afkReason": "",
      "register": false,
      "limit": 20,
      "money": 10000,
      "lastclaim": 1754312097348,
      "lastbegal": 1754312097348,
      "lastrampok": 1754312097348
    },
    "6281295468108@s.whatsapp.net": {
      "vip": false,
      "ban": false,
      "afkTime": -1,
      "afkReason": "",
      "register": false,
      "limit": 20,
      "money": 10000,
      "lastclaim": 1754312097494,
      "lastbegal": 1754312097494,
      "lastrampok": 1754312097494
    },
    "6288210901503@s.whatsapp.net": {
      "vip": false,
      "ban": false,
      "afkTime": -1,
      "afkReason": "",
      "register": false,
      "limit": 20,
      "money": 10000,
      "lastclaim": 1754312097571,
      "lastbegal": 1754312097571,
      "lastrampok": 1754312097571
    },
    "6285134481895@s.whatsapp.net": {
      "vip": false,
      "ban": false,
      "afkTime": -1,
      "afkReason": "",
      "register": false,
      "limit": 20,
      "money": 10000,
      "lastclaim": 1754312114727,
      "lastbegal": 1754312114727,
      "lastrampok": 1754312114727
    },
    "6283823568764@s.whatsapp.net": {
      "vip": false,
      "ban": false,
      "afkTime": -1,
      "afkReason": "",
      "register": false,
      "limit": 20,
      "money": 10000,
      "lastclaim": 1754312211890,
      "lastbegal": 1754312211890,
      "lastrampok": 1754312211890
    },
    "6281399843369@s.whatsapp.net": {
      "vip": false,
      "ban": false,
      "afkTime": -1,
      "afkReason": "",
      "register": false,
      "limit": 20,
      "money": 10000,
      "lastclaim": 1754313798906,
      "lastbegal": 1754313798906,
      "lastrampok": 1754313798906
    },
    "6281325600199@s.whatsapp.net": {
      "vip": false,
      "ban": false,
      "afkTime": -1,
      "afkReason": "",
      "register": false,
      "limit": 20,
      "money": 10000,
      "lastclaim": 1754322565166,
      "lastbegal": 1754322565166,
      "lastrampok": 1754322565166
    },
    "6285370085805@s.whatsapp.net": {
      "vip": false,
      "ban": false,
      "afkTime": -1,
      "afkReason": "",
      "register": false,
      "limit": 20,
      "money": 10000,
      "lastclaim": 1754324767608,
      "lastbegal": 1754324767608,
      "lastrampok": 1754324767608
    },
    "6285198286712@s.whatsapp.net": {
      "vip": false,
      "ban": false,
      "afkTime": -1,
      "afkReason": "",
      "register": false,
      "limit": 20,
      "money": 10000,
      "lastclaim": 1754325395614,
      "lastbegal": 1754325395614,
      "lastrampok": 1754325395614
    },
    "6287782488087@s.whatsapp.net": {
      "vip": false,
      "ban": false,
      "afkTime": -1,
      "afkReason": "",
      "register": false,
      "limit": 20,
      "money": 10000,
      "lastclaim": 1754326036355,
      "lastbegal": 1754326036355,
      "lastrampok": 1754326036355
    },
    "6285191589856@s.whatsapp.net": {
      "vip": false,
      "ban": false,
      "afkTime": -1,
      "afkReason": "",
      "register": false,
      "limit": 20,
      "money": 10000,
      "lastclaim": 1754328483274,
      "lastbegal": 1754328483274,
      "lastrampok": 1754328483274
    },
    "280912369598529@lid": {
      "vip": false,
      "ban": false,
      "afkTime": -1,
      "afkReason": "",
      "register": false,
      "limit": 20,
      "money": 10000,
      "lastclaim": 1754340323927,
      "lastbegal": 1754340323927,
      "lastrampok": 1754340323927
    },
    "6281326294755@s.whatsapp.net": {
      "vip": false,
      "ban": false,
      "afkTime": -1,
      "afkReason": "",
      "register": false,
      "limit": 20,
      "money": 10000,
      "lastclaim": 1754345231711,
      "lastbegal": 1754345231711,
      "lastrampok": 1754345231711
    },
    "62895352466783@s.whatsapp.net": {
      "vip": false,
      "ban": false,
      "afkTime": -1,
      "afkReason": "",
      "register": false,
      "limit": 20,
      "money": 10000,
      "lastclaim": 1754352109210,
      "lastbegal": 1754352109210,
      "lastrampok": 1754352109210
    },
    "6283138833108@s.whatsapp.net": {
      "vip": false,
      "ban": false,
      "afkTime": -1,
      "afkReason": "",
      "register": false,
      "limit": 20,
      "money": 10000,
      "lastclaim": 1754352109715,
      "lastbegal": 1754352109715,
      "lastrampok": 1754352109715
    },
    "6287819036824@s.whatsapp.net": {
      "vip": false,
      "ban": false,
      "afkTime": -1,
      "afkReason": "",
      "register": false,
      "limit": 20,
      "money": 10000,
      "lastclaim": 1754352109856,
      "lastbegal": 1754352109856,
      "lastrampok": 1754352109856
    },
    "6281933789492@s.whatsapp.net": {
      "vip": false,
      "ban": false,
      "afkTime": -1,
      "afkReason": "",
      "register": false,
      "limit": 20,
      "money": 10000,
      "lastclaim": 1754352109892,
      "lastbegal": 1754352109892,
      "lastrampok": 1754352109892
    },
    "6283842453449@s.whatsapp.net": {
      "vip": false,
      "ban": false,
      "afkTime": -1,
      "afkReason": "",
      "register": false,
      "limit": 20,
      "money": 10000,
      "lastclaim": 1754352109976,
      "lastbegal": 1754352109976,
      "lastrampok": 1754352109976
    },
    "6282155633004@s.whatsapp.net": {
      "vip": false,
      "ban": false,
      "afkTime": -1,
      "afkReason": "",
      "register": false,
      "limit": 20,
      "money": 10000,
      "lastclaim": 1754352110016,
      "lastbegal": 1754352110016,
      "lastrampok": 1754352110016
    },
    "6282144071317@s.whatsapp.net": {
      "vip": false,
      "ban": false,
      "afkTime": -1,
      "afkReason": "",
      "register": false,
      "limit": 20,
      "money": 10000,
      "lastclaim": 1754352110119,
      "lastbegal": 1754352110119,
      "lastrampok": 1754352110119
    },
    "6282241182487@s.whatsapp.net": {
      "vip": false,
      "ban": false,
      "afkTime": -1,
      "afkReason": "",
      "register": false,
      "limit": 20,
      "money": 10000,
      "lastclaim": 1754796924335,
      "lastbegal": 1754796924335,
      "lastrampok": 1754796924335
    }
  },
  "game": {
    "suit": {},
    "chess": {},
    "chat_ai": {},
    "menfes": {},
    "tekateki": {},
    "akinator": {},
    "tictactoe": {},
    "tebaklirik": {},
    "kuismath": {},
    "blackjack": {},
    "tebaklagu": {},
    "tebakkata": {},
    "family100": {},
    "susunkata": {},
    "tebakbom": {},
    "ulartangga": {},
    "tebakkimia": {},
    "caklontong": {},
    "tebakangka": {},
    "tebaknegara": {},
    "tebakgambar": {},
    "tebakbendera": {}
  },
  "groups": {
    "120363418897719487@g.us": {
      "url": "",
      "text": {},
      "warn": {},
      "tagsw": {},
      "nsfw": false,
      "mute": false,
      "leave": false,
      "setinfo": false,
      "antilink": false,
      "demote": false,
      "antitoxic": false,
      "promote": false,
      "welcome": false,
      "antivirtex": false,
      "antitagsw": false,
      "antidelete": false,
      "antihidetag": false,
      "waktusholat": false
    },
    "120363364308318465@g.us": {
      "url": "",
      "text": {},
      "warn": {},
      "tagsw": {},
      "nsfw": false,
      "mute": false,
      "leave": false,
      "setinfo": false,
      "antilink": false,
      "demote": false,
      "antitoxic": false,
      "promote": false,
      "welcome": false,
      "antivirtex": false,
      "antitagsw": false,
      "antidelete": false,
      "antihidetag": false,
      "waktusholat": false
    },
    "120363366492403962@g.us": {
      "url": "",
      "text": {},
      "warn": {},
      "tagsw": {},
      "nsfw": false,
      "mute": false,
      "leave": false,
      "setinfo": false,
      "antilink": false,
      "demote": false,
      "antitoxic": false,
      "promote": false,
      "welcome": false,
      "antivirtex": false,
      "antitagsw": false,
      "antidelete": false,
      "antihidetag": false,
      "waktusholat": false
    },
    "120363310482195770@g.us": {
      "url": "",
      "text": {},
      "warn": {},
      "tagsw": {},
      "nsfw": false,
      "mute": false,
      "leave": false,
      "setinfo": false,
      "antilink": false,
      "demote": false,
      "antitoxic": false,
      "promote": false,
      "welcome": false,
      "antivirtex": false,
      "antitagsw": false,
      "antidelete": false,
      "antihidetag": false,
      "waktusholat": false
    },
    "120363420063443735@g.us": {
      "url": "",
      "text": {},
      "warn": {},
      "tagsw": {},
      "nsfw": false,
      "mute": false,
      "leave": false,
      "setinfo": false,
      "antilink": false,
      "demote": false,
      "antitoxic": false,
      "promote": false,
      "welcome": false,
      "antivirtex": false,
      "antitagsw": false,
      "antidelete": false,
      "antihidetag": false,
      "waktusholat": false
    }
  },
  "database": {},
  "premium": [],
  "sewa": [],
  "cases": [
    "19rujxl1e",
    "shutdown",
    "off",
    "setbio",
    "setppbot",
    "delppbot",
    "join",
    "leave",
    "clearchat",
    "getmsgstore",
    "storemsg",
    "blokir",
    "block",
    "listblock",
    "openblokir",
    "unblokir",
    "openblock",
    "unblock",
    "ban",
    "banned",
    "unban",
    "unbanned",
    "mute",
    "unmute",
    "addowner",
    "delowner",
    "adduang",
    "addmoney",
    "addlimit",
    "listpc",
    "listgc",
    "creategc",
    "buatgc",
    "addsewa",
    "sewa",
    "delsewa",
    "listsewa",
    "addpr",
    "addprem",
    "addpremium",
    "delpr",
    "delprem",
    "delpremium",
    "listpr",
    "listprem",
    "listpremium",
    "upsw",
    "addcase",
    "19rujxl1e",
    "getcase",
    "delcase",
    "backup",
    "all",
    "auto",
    "session",
    "database",
    "getsession",
    "deletesession",
    "delsession",
    "deletesampah",
    "delsampah",
    "setnamebot",
    "setbotname",
    "setpacknamebot",
    "setbotpackname",
    "setauthorbot",
    "setbotauthor",
    "sc",
    "script",
    "donasi",
    "donate",
    "add",
    "kick",
    "dor",
    "promote",
    "demote",
    "warn",
    "warning",
    "unwarn",
    "delwarn",
    "unwarning",
    "delwarning",
    "setname",
    "setnamegc",
    "setsubject",
    "setsubjectgc",
    "setdesc",
    "setdescgc",
    "setdesk",
    "setdeskgc",
    "setppgroups",
    "setppgrup",
    "setppgc",
    "delete",
    "del",
    "d",
    "pin",
    "unpin",
    "linkgroup",
    "linkgrup",
    "linkgc",
    "urlgroup",
    "urlgrup",
    "urlgc",
    "revoke",
    "newlink",
    "newurl",
    "group",
    "grup",
    "gc",
    "close",
    "open",
    "join",
    "pesansementara",
    "disappearing",
    "antilink",
    "antivirtex",
    "antidelete",
    "welcome",
    "antitoxic",
    "waktusholat",
    "nsfw",
    "antihidetag",
    "setinfo",
    "antitagsw",
    "leave",
    "promote",
    "demote",
    "setwelcome",
    "setleave",
    "setpromote",
    "setdemote",
    "tagall",
    "hidetag",
    "h",
    "totag",
    "listonline",
    "liston",
    "owner",
    "listowner",
    "profile",
    "cek",
    "leaderboard",
    "totalpesan",
    "req",
    "request",
    "totalfitur",
    "/g) || []).length\r\n\t\t\t\tm.reply(`Total Fitur : ${total}`);\r\n\t\t\t}\r\n\t\t\tbreak\r\n\t\t\tcase ",
    "claim",
    "transfer",
    "tf",
    "buy",
    "react",
    "tagme",
    "runtime",
    "tes",
    "bot",
    "mode",
    "public",
    "self",
    "anticall",
    "autobio",
    "autoread",
    "autotyping",
    "readsw",
    "multiprefix",
    "antispam",
    "set",
    "settings",
    "ping",
    "botstatus",
    "statusbot",
    "speedtest",
    "speed",
    "afk",
    "readviewonce",
    "readviewone",
    "rvo",
    "inspect",
    "addmsg",
    "delmsg",
    "deletemsg",
    "getmsg",
    "listmsg",
    "setcmd",
    "addcmd",
    "delcmd",
    "listcmd",
    "lockcmd",
    "unlockcmd",
    "q",
    "quoted",
    "confes",
    "confess",
    "menfes",
    "menfess",
    "delconfes",
    "delconfess",
    "delmenfes",
    "delmenfess",
    "cai",
    "roomai",
    "chatai",
    "autoai",
    "delcai",
    "delroomai",
    "delchatai",
    "delautoai",
    "jadibot",
    "stopjadibot",
    "deljadibot",
    "listjadibot",
    "fetch",
    "get",
    "toaud",
    "toaudio",
    "tomp3",
    "tovn",
    "toptt",
    "tovoice",
    "togif",
    "toimage",
    "toimg",
    "toptv",
    "tourl",
    "texttospech",
    "tts",
    "tospech",
    "translate",
    "tr",
    "toqr",
    "qr",
    "tohd",
    "remini",
    "hd",
    "dehaze",
    "colorize",
    "colorfull",
    "hitamkan",
    "toblack",
    "ssweb",
    "readmore",
    "getexif",
    "cuaca",
    "weather",
    "sticker",
    "stiker",
    "s",
    "stickergif",
    "stikergif",
    "sgif",
    "stickerwm",
    "swm",
    "curi",
    "colong",
    "take",
    "stickergifwm",
    "sgifwm",
    "smeme",
    "stickmeme",
    "stikmeme",
    "stickermeme",
    "stikermeme",
    "emojimix",
    "qc",
    "quote",
    "fakechat",
    "brat",
    "bratvid",
    "bratvideo",
    "wasted",
    "trigger",
    "triggered",
    "nulis",
    "nuliskiri",
    "nuliskanan",
    "foliokiri",
    "foliokanan",
    "bass",
    "blown",
    "deep",
    "earrape",
    "fast",
    "fat",
    "nightcore",
    "reverse",
    "robot",
    "slow",
    "smooth",
    "tupai",
    "tinyurl",
    "shorturl",
    "shortlink",
    "git",
    "gitclone",
    "ai",
    "simi",
    "bard",
    "gemini",
    "aiedit",
    "google",
    "gimage",
    "bingimg",
    "yts",
    "ytsearch",
    "youtubesearch",
    "play",
    "ytplay",
    "pixiv",
    "pinterest",
    "pint",
    "wallpaper",
    "ringtone",
    "npm",
    "npmjs",
    "style",
    "spotify",
    "spotifysearch",
    "tenor",
    "urban",
    "igstalk",
    "instagramstalk",
    "wastalk",
    "whatsappstalk",
    "telestalk",
    "telegramstalk",
    "tiktokstalk",
    "ttstalk",
    "genshinstalk",
    "gistalk",
    "ghstalk",
    "githubstalk",
    "ytmp3",
    "ytaudio",
    "ytplayaudio",
    "ytmp4",
    "ytvideo",
    "ytplayvideo",
    "ig",
    "instagram",
    "instadl",
    "igdown",
    "igdl",
    "igstory",
    "instagramstory",
    "instastory",
    "storyig",
    "tiktok",
    "tiktokdown",
    "ttdown",
    "ttdl",
    "tt",
    "ttmp4",
    "ttvideo",
    "tiktokmp4",
    "tiktokvideo",
    "ttmp3",
    "tiktokmp3",
    "ttaudio",
    "tiktokaudio",
    "fb",
    "fbdl",
    "fbdown",
    "facebook",
    "facebookdl",
    "facebookdown",
    "fbdownload",
    "fbmp4",
    "fbvideo",
    "mf",
    "mediafire",
    "spotifydl",
    "motivasi",
    "bijak",
    "dare",
    "quotes",
    "truth",
    "renungan",
    "bucin",
    "coffe",
    "kopi",
    "waifu",
    "neko",
    "dadu",
    "halah",
    "hilih",
    "huluh",
    "heleh",
    "holoh",
    "bisakah",
    "apakah",
    "kapan",
    "kapankah",
    "siapa",
    "siapakah",
    "tanyakerang",
    "kerangajaib",
    "kerang",
    "cekmati",
    "ceksifat",
    "cekkhodam",
    "rate",
    "nilai",
    "jodohku",
    "jadian",
    "fitnah",
    "coba",
    "slot",
    "casino",
    "samgong",
    "kartu",
    "rampok",
    "merampok",
    "begal",
    "suitpvp",
    "suit",
    "delsuit",
    "deletesuit",
    "ttc",
    "ttt",
    "tictactoe",
    "delttc",
    "delttt",
    "akinator",
    "tebakbom",
    "tekateki",
    "tebaklirik",
    "tebakkata",
    "family100",
    "susunkata",
    "tebakkimia",
    "caklontong",
    "tebaknegara",
    "tebakgambar",
    "tebakbendera",
    "tebakangka",
    "butawarna",
    "colorblind",
    "kuismath",
    "math",
    "ulartangga",
    "snakeladder",
    "ut",
    "create",
    "join",
    "start",
    "leave",
    "end",
    "chess",
    "catur",
    "ct",
    "start",
    "join",
    "end",
    "leave",
    "bot",
    "computer",
    "blackjack",
    "bj",
    "create",
    "join",
    "start",
    "hit",
    "minum",
    "play",
    "info",
    "end",
    "menu",
    "allmenu",
    "botmenu",
    "groupmenu",
    "searchmenu",
    "downloadmenu",
    "quotesmenu",
    "toolsmenu",
    "aimenu",
    "randommenu",
    "stalkermenu",
    "panelmenu",
    "animemenu",
    "gamemenu",
    "funmenu",
    "1gb",
    "2gb",
    "3gb",
    "4gb",
    "5gb",
    "6gb",
    "7gb",
    "8gb",
    "9gb",
    "10gb",
    "unlimited",
    "unli",
    "listusr",
    "delsrv",
    "createadmin",
    "delusr",
    "ownermenu"
  ]
}